2025-12-03 13:44:14.751 CST,"kong","syslog_db",14394,"177.177.153.33:56148",692fce2e.383a,2,"authentication",2025-12-03 13:44:14 CST,27/239,0,LOG,00000,"connection authenticated: identity=""kong"" method=md5 (/var/lib/seasql/ssdata/data/pg_hba.conf:4)",,,,,,,,,"","client backend",,0
2025-12-03 13:44:14.751 CST,"kong","syslog_db",14394,"177.177.153.33:56148",692fce2e.383a,3,"authentication",2025-12-03 13:44:14 CST,27/239,0,LOG,00000,"connection authorized: user=kong database=syslog_db SSL enabled (protocol=TLSv1.3, cipher=TLS_AES_256_GCM_SHA384, bits=256)",,,,,,,,,"","client backend",,0
2025-12-03 13:44:15.013 CST,"kong","syslog_db",14397,"177.177.153.33:56170",692fce2e.383d,2,"authentication",2025-12-03 13:44:14 CST,50/350,0,LOG,00000,"connection authenticated: identity=""kong"" method=md5 (/var/lib/seasql/ssdata/data/pg_hba.conf:4)",,,,,,,,,"","client backend",,0
2025-12-03 13:44:15.013 CST,"kong","syslog_db",14397,"177.177.153.33:56170",692fce2e.383d,3,"authentication",2025-12-03 13:44:14 CST,50/350,0,LOG,00000,"connection authorized: user=kong database=syslog_db SSL enabled (protocol=TLSv1.3, cipher=TLS_AES_256_GCM_SHA384, bits=256)",,,,,,,,,"","client backend",,0
2025-12-03 13:44:15.092 CST,"kong","syslog_db",14398,"177.177.153.33:56184",692fce2f.383e,2,"authentication",2025-12-03 13:44:15 CST,53/216,0,LOG,00000,"connection authenticated: identity=""kong"" method=md5 (/var/lib/seasql/ssdata/data/pg_hba.conf:4)",,,,,,,,,"","client backend",,0
2025-12-03 13:44:15.092 CST,"kong","syslog_db",14398,"177.177.153.33:56184",692fce2f.383e,3,"authentication",2025-12-03 13:44:15 CST,53/216,0,LOG,00000,"connection authorized: user=kong database=syslog_db SSL enabled (protocol=TLSv1.3, cipher=TLS_AES_256_GCM_SHA384, bits=256)",,,,,,,,,"","client backend",,0
2025-12-03 13:44:15.151 CST,"kong","syslog_db",14399,"177.177.153.33:56194",692fce2f.383f,2,"authentication",2025-12-03 13:44:15 CST,55/209,0,LOG,00000,"connection authenticated: identity=""kong"" method=md5 (/var/lib/seasql/ssdata/data/pg_hba.conf:4)",,,,,,,,,"","client backend",,995637435984610284
2025-12-03 13:44:15.151 CST,"kong","syslog_db",14399,"177.177.153.33:56194",692fce2f.383f,3,"authentication",2025-12-03 13:44:15 CST,55/209,0,LOG,00000,"connection authorized: user=kong database=syslog_db SSL enabled (protocol=TLSv1.3, cipher=TLS_AES_256_GCM_SHA384, bits=256)",,,,,,,,,"","client backend",,995637435984610284
2025-12-03 13:44:15.212 CST,"kong","syslog_db",14400,"177.177.153.33:56204",692fce2f.3840,2,"authentication",2025-12-03 13:44:15 CST,56/119,0,LOG,00000,"connection authenticated: identity=""kong"" method=md5 (/var/lib/seasql/ssdata/data/pg_hba.conf:4)",,,,,,,,,"","client backend",,995637435984610284
2025-12-03 13:44:15.212 CST,"kong","syslog_db",14400,"177.177.153.33:56204",692fce2f.3840,3,"authentication",2025-12-03 13:44:15 CST,56/119,0,LOG,00000,"connection authorized: user=kong database=syslog_db SSL enabled (protocol=TLSv1.3, cipher=TLS_AES_256_GCM_SHA384, bits=256)",,,,,,,,,"","client backend",,995637435984610284
2025-12-03 13:44:15.267 CST,"kong","syslog_db",14401,"177.177.153.33:41898",692fce2f.3841,2,"authentication",2025-12-03 13:44:15 CST,57/503,0,LOG,00000,"connection authenticated: identity=""kong"" method=md5 (/var/lib/seasql/ssdata/data/pg_hba.conf:4)",,,,,,,,,"","client backend",,995637435984610284
2025-12-03 13:44:15.267 CST,"kong","syslog_db",14401,"177.177.153.33:41898",692fce2f.3841,3,"authentication",2025-12-03 13:44:15 CST,57/503,0,LOG,00000,"connection authorized: user=kong database=syslog_db SSL enabled (protocol=TLSv1.3, cipher=TLS_AES_256_GCM_SHA384, bits=256)",,,,,,,,,"","client backend",,995637435984610284
2025-12-03 13:44:15.322 CST,"kong","syslog_db",14402,"177.177.153.33:41914",692fce2f.3842,2,"authentication",2025-12-03 13:44:15 CST,68/259,0,LOG,00000,"connection authenticated: identity=""kong"" method=md5 (/var/lib/seasql/ssdata/data/pg_hba.conf:4)",,,,,,,,,"","client backend",,995637435984610284
2025-12-03 13:44:15.322 CST,"kong","syslog_db",14402,"177.177.153.33:41914",692fce2f.3842,3,"authentication",2025-12-03 13:44:15 CST,68/259,0,LOG,00000,"connection authorized: user=kong database=syslog_db SSL enabled (protocol=TLSv1.3, cipher=TLS_AES_256_GCM_SHA384, bits=256)",,,,,,,,,"","client backend",,995637435984610284
2025-12-03 13:44:15.383 CST,"kong","syslog_db",14403,"177.177.153.33:41920",692fce2f.3843,2,"authentication",2025-12-03 13:44:15 CST,69/186,0,LOG,00000,"connection authenticated: identity=""kong"" method=md5 (/var/lib/seasql/ssdata/data/pg_hba.conf:4)",,,,,,,,,"","client backend",,995637435984610284
2025-12-03 13:44:15.383 CST,"kong","syslog_db",14403,"177.177.153.33:41920",692fce2f.3843,3,"authentication",2025-12-03 13:44:15 CST,69/186,0,LOG,00000,"connection authorized: user=kong database=syslog_db SSL enabled (protocol=TLSv1.3, cipher=TLS_AES_256_GCM_SHA384, bits=256)",,,,,,,,,"","client backend",,995637435984610284
2025-12-03 13:44:15.463 CST,"kong","syslog_db",14404,"177.177.153.33:41926",692fce2f.3844,2,"authentication",2025-12-03 13:44:15 CST,70/307,0,LOG,00000,"connection authenticated: identity=""kong"" method=md5 (/var/lib/seasql/ssdata/data/pg_hba.conf:4)",,,,,,,,,"","client backend",,995637435984610284
2025-12-03 13:44:15.463 CST,"kong","syslog_db",14404,"177.177.153.33:41926",692fce2f.3844,3,"authentication",2025-12-03 13:44:15 CST,70/307,0,LOG,00000,"connection authorized: user=kong database=syslog_db SSL enabled (protocol=TLSv1.3, cipher=TLS_AES_256_GCM_SHA384, bits=256)",,,,,,,,,"","client backend",,995637435984610284
2025-12-03 13:44:15.539 CST,"kong","syslog_db",14405,"177.177.153.33:41934",692fce2f.3845,2,"authentication",2025-12-03 13:44:15 CST,71/120,0,LOG,00000,"connection authenticated: identity=""kong"" method=md5 (/var/lib/seasql/ssdata/data/pg_hba.conf:4)",,,,,,,,,"","client backend",,995637435984610284
2025-12-03 13:44:15.539 CST,"kong","syslog_db",14405,"177.177.153.33:41934",692fce2f.3845,3,"authentication",2025-12-03 13:44:15 CST,71/120,0,LOG,00000,"connection authorized: user=kong database=syslog_db SSL enabled (protocol=TLSv1.3, cipher=TLS_AES_256_GCM_SHA384, bits=256)",,,,,,,,,"","client backend",,995637435984610284
2025-12-03 13:44:16.980 CST,"kong","syslog_db",14405,"177.177.153.33:41934",692fce2f.3845,4,"SELECT",2025-12-03 13:44:15 CST,71/125,0,LOG,00000,"duration: 1395.995 ms  execute <unnamed>: SELECT COUNT(data_id)
        FROM tbl_syslog_data
         WHERE  agg LIKE CONCAT('%', $1, '%')","parameters: $1 = 'l|s|m'",,,,,,,,"PostgreSQL JDBC Driver","client backend",,-2634519882191274113
2025-12-03 13:44:30.609 CST,"ssadmin","syslog_db",14452,"[local]",692fce3e.3874,2,"authentication",2025-12-03 13:44:30 CST,72/133,0,LOG,00000,"connection authorized: user=ssadmin database=syslog_db application_name=pgq ticker",,,,,,,,,"","client backend",,-6125683794421088918
2025-12-03 13:44:30.609 CST,"ssadmin","seasql",14456,"[local]",692fce3e.3878,2,"authentication",2025-12-03 13:44:30 CST,80/3835,0,LOG,00000,"connection authorized: user=ssadmin database=seasql application_name=pgq ticker",,,,,,,,,"","client backend",,995637435984610284
2025-12-03 13:44:30.609 CST,"ssadmin","seasql",14457,"[local]",692fce3e.3879,2,"authentication",2025-12-03 13:44:30 CST,81/1883,0,LOG,00000,"connection authorized: user=ssadmin database=seasql application_name=pgq ticker",,,,,,,,,"","client backend",,995637435984610284
2025-12-03 13:44:30.613 CST,"ssadmin","seasql",14456,"[local]",692fce3e.3878,3,"idle",2025-12-03 13:44:30 CST,,0,LOG,00000,"disconnection: session time: 0:00:00.007 user=ssadmin database=seasql host=[local]",,,,,,,,,"pgq ticker","client backend",,0
2025-12-03 13:44:30.613 CST,"ssadmin","seasql",14457,"[local]",692fce3e.3879,3,"idle",2025-12-03 13:44:30 CST,,0,LOG,00000,"disconnection: session time: 0:00:00.007 user=ssadmin database=seasql host=[local]",,,,,,,,,"pgq ticker","client backend",,0
2025-12-03 13:44:30.614 CST,"ssadmin","kong",14461,"[local]",692fce3e.387d,2,"authentication",2025-12-03 13:44:30 CST,87/2623,0,LOG,00000,"connection authorized: user=ssadmin database=kong application_name=pgq ticker",,,,,,,,,"","client backend",,-6125683794421088918
2025-12-03 13:44:30.614 CST,"ssadmin","syslog_db",14452,"[local]",692fce3e.3874,3,"idle",2025-12-03 13:44:30 CST,,0,LOG,00000,"disconnection: session time: 0:00:00.012 user=ssadmin database=syslog_db host=[local]",,,,,,,,,"pgq ticker","client backend",,0

2025-12-03 13:44:30.621 CST,"ssadmin","kong",14461,"[local]",692fce3e.387d,3,"idle",2025-12-03 13:44:30 CST,,0,LOG,00000,"disconnection: session time: 0:00:00.009 user=ssadmin database=kong host=[local]",,,,,,,,,"pgq ticker","client backend",,0

2025-12-03 13:44:30.639 CST,"ssadmin","log_center",14481,"[local]",692fce3e.3891,2,"authentication",2025-12-03 13:44:30 CST,85/623,0,LOG,00000,"connection authorized: user=ssadmin database=log_center application_name=pgq ticker",,,,,,,,,"","client backend",,995637435984610284
2025-12-03 13:44:31.068 CST,"kong","syslog_db",14482,"177.177.153.33:46208",692fce3f.3892,2,"authentication",2025-12-03 13:44:31 CST,72/139,0,LOG,00000,"connection authenticated: identity=""kong"" method=md5 (/var/lib/seasql/ssdata/data/pg_hba.conf:4)",,,,,,,,,"","client backend",,995637435984610284
2025-12-03 13:44:31.068 CST,"kong","syslog_db",14482,"177.177.153.33:46208",692fce3f.3892,3,"authentication",2025-12-03 13:44:31 CST,72/139,0,LOG,00000,"connection authorized: user=kong database=syslog_db SSL enabled (protocol=TLSv1.3, cipher=TLS_AES_256_GCM_SHA384, bits=256)",,,,,,,,,"","client backend",,995637435984610284
2025-12-03 13:44:38.053 CST,,,14499,,692fce45.38a3,1,,2025-12-03 13:44:37 CST,48/1865,0,LOG,00000,"automatic vacuum of table ""syslog_db.public.tbl_syslog_data_agg"": index scans: 1
pages: 0 removed, 711 remain, 0 skipped due to pins, 63 skipped frozen
tuples: 3684 removed, 1089 remain, 0 are dead but not yet removable, oldest xmin: 5841798
index scan needed: 438 pages from table (61.60% of total) had 29599 dead item identifiers removed
index ""tbl_syslog_data_agg_pkey"": pages: 31 in total, 0 newly deleted, 3 currently deleted, 3 reusable
index ""tbl_syslog_data_agg_timestamp"": pages: 141 in total, 35 newly deleted, 135 currently deleted, 100 reusable
index ""tbl_syslog_data_agg_un"": pages: 43 in total, 0 newly deleted, 5 currently deleted, 5 reusable
avg read rate: 0.000 MB/s, avg write rate: 0.000 MB/s
buffer usage: 2415 hits, 0 misses, 0 dirtied
WAL usage: 1461 records, 0 full page images, 158184 bytes
system usage: CPU: user: 0.01 s, system: 0.00 s, elapsed: 0.04 s",,,,,,,,,"","autovacuum worker",,0
2025-12-03 13:44:38.084 CST,,,14499,,692fce45.38a3,2,,2025-12-03 13:44:37 CST,48/1866,5841799,LOG,00000,"automatic analyze of table ""syslog_db.public.tbl_syslog_data_agg""
avg read rate: 0.504 MB/s, avg write rate: 1.008 MB/s
buffer usage: 1152 hits, 2 misses, 4 dirtied
system usage: CPU: user: 0.01 s, system: 0.00 s, elapsed: 0.03 s",,,,,,,,,"","autovacuum worker",,0
2025-12-03 13:44:38.099 CST,,,14499,,692fce45.38a3,3,,2025-12-03 13:44:37 CST,48/1868,0,LOG,00000,"automatic vacuum of table ""syslog_db.pg_toast.pg_toast_2619"": index scans: 1
pages: 0 removed, 45 remain, 0 skipped due to pins, 0 skipped frozen
tuples: 78 removed, 118 remain, 10 are dead but not yet removable, oldest xmin: 5841798
index scan needed: 22 pages from table (48.89% of total) had 80 dead item identifiers removed
index ""pg_toast_2619_index"": pages: 2 in total, 0 newly deleted, 0 currently deleted, 0 reusable
avg read rate: 0.000 MB/s, avg write rate: 14.538 MB/s
buffer usage: 126 hits, 0 misses, 5 dirtied
WAL usage: 71 records, 6 full page images, 32593 bytes
system usage: CPU: user: 0.00 s, system: 0.00 s, elapsed: 0.00 s",,,,,,,,,"","autovacuum worker",,0
2025-12-03 13:45:00.062 CST,"kong","seasql",14558,"177.177.153.33:48148",692fce5c.38de,2,"authentication",2025-12-03 13:45:00 CST,32/4501,0,LOG,00000,"connection authenticated: identity=""kong"" method=md5 (/var/lib/seasql/ssdata/data/pg_hba.conf:4)",,,,,,,,,"","client backend",,0
2025-12-03 13:45:00.062 CST,"kong","seasql",14558,"177.177.153.33:48148",692fce5c.38de,3,"authentication",2025-12-03 13:45:00 CST,32/4501,0,LOG,00000,"connection authorized: user=kong database=seasql SSL enabled (protocol=TLSv1.3, cipher=TLS_AES_256_GCM_SHA384, bits=256)",,,,,,,,,"","client backend",,0
2025-12-03 13:45:00.069 CST,"kong","seasql",12823,"177.177.153.33:40042",692fcc04.3217,4,"idle",2025-12-03 13:35:00 CST,17/0,0,FATAL,57P05,"terminating connection due to idle-session timeout",,,,,,,,,"PostgreSQL JDBC Driver","client backend",,3694949039461716331
2025-12-03 13:45:00.069 CST,"kong","seasql",12823,"177.177.153.33:40042",692fcc04.3217,5,"idle",2025-12-03 13:35:00 CST,,0,LOG,00000,"disconnection: session time: 0:10:00.038 user=kong database=seasql host=177.177.153.33 port=40042",,,,,,,,,"PostgreSQL JDBC Driver","client backend",,0
2025-12-03 13:45:01.154 CST,,,72,,692fbbba.48,32,,2025-12-03 12:25:30 CST,,0,LOG,00000,"checkpoint complete: wrote 65382 buffers (30.1%); 0 WAL file(s) added, 0 removed, 34 recycled; write=269.835 s, sync=0.050 s, total=269.919 s; sync files=153, longest=0.041 s, average=0.001 s; distance=563614 kB, estimate=563614 kB",,,,,,,,,"","checkpointer",,0
pages: 0 removed, 1 remain, 0 skipped due to pins, 0 skipped frozen
tuples: 54 removed, 1 remain, 0 are dead but not yet removable, oldest xmin: 5841900
index scan not needed: 0 pages from table (0.00% of total) had 0 dead item identifiers removed
avg read rate: 0.000 MB/s, avg write rate: 14.001 MB/s
buffer usage: 57 hits, 0 misses, 2 dirtied
WAL usage: 3 records, 2 full page images, 2190 bytes
system usage: CPU: user: 0.00 s, system: 0.00 s, elapsed: 0.00 s",,,,,,,,,"","autovacuum worker",,0
avg read rate: 0.000 MB/s, avg write rate: 0.000 MB/s
buffer usage: 505 hits, 0 misses, 0 dirtied
system usage: CPU: user: 0.00 s, system: 0.00 s, elapsed: 0.00 s",,,,,,,,,"","autovacuum worker",,0
2025-12-03 13:45:16.887 CST,"kong","syslog_db",14405,"177.177.153.33:41934",692fce2f.3845,5,"SELECT",2025-12-03 13:44:15 CST,71/374,0,LOG,00000,"duration: 2240.285 ms  execute <unnamed>/C_3: select agg, count(agg) as cnt from tbl_syslog_data
        where timestamp  <= $1 group by agg","parameters: $1 = '1764740123'",,,,,,,,"PostgreSQL JDBC Driver","client backend",,1382933252500534578
2025-12-03 13:45:18.949 CST,"kong","syslog_db",9694,"177.177.153.33:32778",692fc7ea.25de,4,"INSERT waiting",2025-12-03 13:17:30 CST,21/1439,5841924,LOG,00000,"process 9694 still waiting for ShareLock on transaction 5841923 after 1000.105 ms","Process holding the lock: 14405. Wait queue: 9694.",,,,"while locking tuple (306,128) in relation ""tbl_syslog_data_agg""","insert into tbl_syslog_data_agg(data_id, agg, digest, level, message, module, param_list, severity, pri, send_time, source_ip, sysname, timestamp, amount, tenant_id,region_id) values ($1, $2, $3, $4, $5, $6, $7, $8, $9, $10, $11, $12, $13, $14, $15, $16)  on CONFLICT (agg) DO update set amount = tbl_syslog_data_agg.amount + $17, timestamp = $18",,,"PostgreSQL JDBC Driver","client backend",,-8979893728494500089
2025-12-03 13:45:20.155 CST,"kong","syslog_db",14608,"177.177.153.33:49232",692fce70.3910,2,"authentication",2025-12-03 13:45:20 CST,42/849,0,LOG,00000,"connection authenticated: identity=""kong"" method=md5 (/var/lib/seasql/ssdata/data/pg_hba.conf:4)",,,,,,,,,"","client backend",,0
2025-12-03 13:45:20.155 CST,"kong","syslog_db",14608,"177.177.153.33:49232",692fce70.3910,3,"authentication",2025-12-03 13:45:20 CST,42/849,0,LOG,00000,"connection authorized: user=kong database=syslog_db SSL enabled (protocol=TLSv1.3, cipher=TLS_AES_256_GCM_SHA384, bits=256)",,,,,,,,,"","client backend",,0
2025-12-03 13:45:20.289 CST,"kong","syslog_db",9906,"177.177.153.33:54406",692fc83a.26b2,4,"INSERT waiting",2025-12-03 13:18:50 CST,15/351,5841925,LOG,00000,"process 9906 still waiting for ExclusiveLock on tuple (306,128) of relation 187765 of database 187579 after 1000.120 ms","Process holding the lock: 9694. Wait queue: 9906.",,,,,"insert into tbl_syslog_data_agg(data_id, agg, digest, level, message, module, param_list, severity, pri, send_time, source_ip, sysname, timestamp, amount, tenant_id,region_id) values ($1, $2, $3, $4, $5, $6, $7, $8, $9, $10, $11, $12, $13, $14, $15, $16)  on CONFLICT (agg) DO update set amount = tbl_syslog_data_agg.amount + $17, timestamp = $18",,,"PostgreSQL JDBC Driver","client backend",,-8979893728494500089
2025-12-03 13:45:20.456 CST,"kong","syslog_db",14609,"177.177.153.33:49238",692fce70.3911,2,"authentication",2025-12-03 13:45:20 CST,45/2701,0,LOG,00000,"connection authenticated: identity=""kong"" method=md5 (/var/lib/seasql/ssdata/data/pg_hba.conf:4)",,,,,,,,,"","client backend",,2490001127987895888
2025-12-03 13:45:20.456 CST,"kong","syslog_db",14609,"177.177.153.33:49238",692fce70.3911,3,"authentication",2025-12-03 13:45:20 CST,45/2701,0,LOG,00000,"connection authorized: user=kong database=syslog_db SSL enabled (protocol=TLSv1.3, cipher=TLS_AES_256_GCM_SHA384, bits=256)",,,,,,,,,"","client backend",,2490001127987895888
2025-12-03 13:45:20.496 CST,"kong","syslog_db",14610,"177.177.153.33:49240",692fce70.3912,2,"authentication",2025-12-03 13:45:20 CST,78/359,0,LOG,00000,"connection authenticated: identity=""kong"" method=md5 (/var/lib/seasql/ssdata/data/pg_hba.conf:4)",,,,,,,,,"","client backend",,-1496716204593451974
2025-12-03 13:45:20.496 CST,"kong","syslog_db",14610,"177.177.153.33:49240",692fce70.3912,3,"authentication",2025-12-03 13:45:20 CST,78/359,0,LOG,00000,"connection authorized: user=kong database=syslog_db SSL enabled (protocol=TLSv1.3, cipher=TLS_AES_256_GCM_SHA384, bits=256)",,,,,,,,,"","client backend",,-1496716204593451974
2025-12-03 13:45:20.560 CST,"kong","syslog_db",14611,"177.177.153.33:49256",692fce70.3913,2,"authentication",2025-12-03 13:45:20 CST,80/3844,0,LOG,00000,"connection authenticated: identity=""kong"" method=md5 (/var/lib/seasql/ssdata/data/pg_hba.conf:4)",,,,,,,,,"","client backend",,0
2025-12-03 13:45:20.560 CST,"kong","syslog_db",14611,"177.177.153.33:49256",692fce70.3913,3,"authentication",2025-12-03 13:45:20 CST,80/3844,0,LOG,00000,"connection authorized: user=kong database=syslog_db SSL enabled (protocol=TLSv1.3, cipher=TLS_AES_256_GCM_SHA384, bits=256)",,,,,,,,,"","client backend",,0
2025-12-03 13:45:20.611 CST,"kong","syslog_db",14612,"177.177.153.33:49264",692fce70.3914,2,"authentication",2025-12-03 13:45:20 CST,81/1889,0,LOG,00000,"connection authenticated: identity=""kong"" method=md5 (/var/lib/seasql/ssdata/data/pg_hba.conf:4)",,,,,,,,,"","client backend",,995637435984610284
2025-12-03 13:45:20.611 CST,"kong","syslog_db",14612,"177.177.153.33:49264",692fce70.3914,3,"authentication",2025-12-03 13:45:20 CST,81/1889,0,LOG,00000,"connection authorized: user=kong database=syslog_db SSL enabled (protocol=TLSv1.3, cipher=TLS_AES_256_GCM_SHA384, bits=256)",,,,,,,,,"","client backend",,995637435984610284
2025-12-03 13:45:20.653 CST,"kong","syslog_db",14613,"177.177.153.33:49278",692fce70.3915,2,"authentication",2025-12-03 13:45:20 CST,82/220,0,LOG,00000,"connection authenticated: identity=""kong"" method=md5 (/var/lib/seasql/ssdata/data/pg_hba.conf:4)",,,,,,,,,"","client backend",,995637435984610284
2025-12-03 13:45:20.653 CST,"kong","syslog_db",14613,"177.177.153.33:49278",692fce70.3915,3,"authentication",2025-12-03 13:45:20 CST,82/220,0,LOG,00000,"connection authorized: user=kong database=syslog_db SSL enabled (protocol=TLSv1.3, cipher=TLS_AES_256_GCM_SHA384, bits=256)",,,,,,,,,"","client backend",,995637435984610284
2025-12-03 13:45:21.836 CST,"kong","syslog_db",14295,"177.177.153.33:32942",692fce02.37d7,4,"INSERT waiting",2025-12-03 13:43:30 CST,39/511,5841927,LOG,00000,"process 14295 still waiting for ExclusiveLock on tuple (306,128) of relation 187765 of database 187579 after 1000.566 ms","Process holding the lock: 9694. Wait queue: 9906, 14295.",,,,,"insert into tbl_syslog_data_agg(data_id, agg, digest, level, message, module, param_list, severity, pri, send_time, source_ip, sysname, timestamp, amount, tenant_id,region_id) values ($1, $2, $3, $4, $5, $6, $7, $8, $9, $10, $11, $12, $13, $14, $15, $16)  on CONFLICT (agg) DO update set amount = tbl_syslog_data_agg.amount + $17, timestamp = $18",,,"PostgreSQL JDBC Driver","client backend",,-8979893728494500089
2025-12-03 13:45:23.406 CST,"kong","syslog_db",14482,"177.177.153.33:46208",692fce3f.3892,4,"INSERT waiting",2025-12-03 13:44:31 CST,72/143,5841928,LOG,00000,"process 14482 still waiting for ExclusiveLock on tuple (306,128) of relation 187765 of database 187579 after 1000.096 ms","Process holding the lock: 9694. Wait queue: 9906, 14295, 14482.",,,,,"insert into tbl_syslog_data_agg(data_id, agg, digest, level, message, module, param_list, severity, pri, send_time, source_ip, sysname, timestamp, amount, tenant_id,region_id) values ($1, $2, $3, $4, $5, $6, $7, $8, $9, $10, $11, $12, $13, $14, $15, $16)  on CONFLICT (agg) DO update set amount = tbl_syslog_data_agg.amount + $17, timestamp = $18",,,"PostgreSQL JDBC Driver","client backend",,-8979893728494500089
2025-12-03 13:45:24.900 CST,"kong","syslog_db",14608,"177.177.153.33:49232",692fce70.3910,4,"INSERT waiting",2025-12-03 13:45:20 CST,42/853,5841929,LOG,00000,"process 14608 still waiting for ExclusiveLock on tuple (306,128) of relation 187765 of database 187579 after 1000.134 ms","Process holding the lock: 9694. Wait queue: 9906, 14295, 14482, 14608.",,,,,"insert into tbl_syslog_data_agg(data_id, agg, digest, level, message, module, param_list, severity, pri, send_time, source_ip, sysname, timestamp, amount, tenant_id,region_id) values ($1, $2, $3, $4, $5, $6, $7, $8, $9, $10, $11, $12, $13, $14, $15, $16)  on CONFLICT (agg) DO update set amount = tbl_syslog_data_agg.amount + $17, timestamp = $18",,,"PostgreSQL JDBC Driver","client backend",,-8979893728494500089
2025-12-03 13:45:26.269 CST,"kong","syslog_db",14609,"177.177.153.33:49238",692fce70.3911,4,"INSERT waiting",2025-12-03 13:45:20 CST,45/2705,5841930,LOG,00000,"process 14609 still waiting for ExclusiveLock on tuple (306,128) of relation 187765 of database 187579 after 1000.119 ms","Process holding the lock: 9694. Wait queue: 9906, 14295, 14482, 14608, 14609.",,,,,"insert into tbl_syslog_data_agg(data_id, agg, digest, level, message, module, param_list, severity, pri, send_time, source_ip, sysname, timestamp, amount, tenant_id,region_id) values ($1, $2, $3, $4, $5, $6, $7, $8, $9, $10, $11, $12, $13, $14, $15, $16)  on CONFLICT (agg) DO update set amount = tbl_syslog_data_agg.amount + $17, timestamp = $18",,,"PostgreSQL JDBC Driver","client backend",,-8979893728494500089
2025-12-03 13:45:28.116 CST,"kong","syslog_db",14610,"177.177.153.33:49240",692fce70.3912,4,"INSERT waiting",2025-12-03 13:45:20 CST,78/363,5841931,LOG,00000,"process 14610 still waiting for ExclusiveLock on tuple (306,128) of relation 187765 of database 187579 after 1001.047 ms","Process holding the lock: 9694. Wait queue: 9906, 14295, 14482, 14608, 14609, 14610.",,,,,"insert into tbl_syslog_data_agg(data_id, agg, digest, level, message, module, param_list, severity, pri, send_time, source_ip, sysname, timestamp, amount, tenant_id,region_id) values ($1, $2, $3, $4, $5, $6, $7, $8, $9, $10, $11, $12, $13, $14, $15, $16)  on CONFLICT (agg) DO update set amount = tbl_syslog_data_agg.amount + $17, timestamp = $18",,,"PostgreSQL JDBC Driver","client backend",,-8979893728494500089
2025-12-03 13:45:29.817 CST,"kong","syslog_db",14611,"177.177.153.33:49256",692fce70.3913,4,"INSERT waiting",2025-12-03 13:45:20 CST,80/3848,5841932,LOG,00000,"process 14611 still waiting for ExclusiveLock on tuple (306,128) of relation 187765 of database 187579 after 1000.436 ms","Process holding the lock: 9694. Wait queue: 9906, 14295, 14482, 14608, 14609, 14610, 14611.",,,,,"insert into tbl_syslog_data_agg(data_id, agg, digest, level, message, module, param_list, severity, pri, send_time, source_ip, sysname, timestamp, amount, tenant_id,region_id) values ($1, $2, $3, $4, $5, $6, $7, $8, $9, $10, $11, $12, $13, $14, $15, $16)  on CONFLICT (agg) DO update set amount = tbl_syslog_data_agg.amount + $17, timestamp = $18",,,"PostgreSQL JDBC Driver","client backend",,-8979893728494500089
2025-12-03 13:45:30.652 CST,"ssadmin","seasql",14657,"[local]",692fce7a.3941,2,"authentication",2025-12-03 13:45:30 CST,87/2627,0,LOG,00000,"connection authorized: user=ssadmin database=seasql application_name=pgq ticker",,,,,,,,,"","client backend",,995637435984610284
2025-12-03 13:45:30.652 CST,"ssadmin","syslog_db",14658,"[local]",692fce7a.3942,2,"authentication",2025-12-03 13:45:30 CST,85/633,0,LOG,00000,"connection authorized: user=ssadmin database=syslog_db application_name=pgq ticker",,,,,,,,,"","client backend",,0
2025-12-03 13:45:30.652 CST,"ssadmin","seasql",14656,"[local]",692fce7a.3940,2,"authentication",2025-12-03 13:45:30 CST,86/248,0,LOG,00000,"connection authorized: user=ssadmin database=seasql application_name=pgq ticker",,,,,,,,,"","client backend",,995637435984610284
2025-12-03 13:45:30.653 CST,"ssadmin","kong",14662,"[local]",692fce7a.3946,2,"authentication",2025-12-03 13:45:30 CST,90/958,0,LOG,00000,"connection authorized: user=ssadmin database=kong application_name=pgq ticker",,,,,,,,,"","client backend",,995637435984610284
2025-12-03 13:45:30.660 CST,"ssadmin","syslog_db",14658,"[local]",692fce7a.3942,3,"idle",2025-12-03 13:45:30 CST,,0,LOG,00000,"disconnection: session time: 0:00:00.013 user=ssadmin database=syslog_db host=[local]",,,,,,,,,"pgq ticker","client backend",,0
2025-12-03 13:45:30.661 CST,"ssadmin","kong",14662,"[local]",692fce7a.3946,3,"idle",2025-12-03 13:45:30 CST,,0,LOG,00000,"disconnection: session time: 0:00:00.011 user=ssadmin database=kong host=[local]",,,,,,,,,"pgq ticker","client backend",,0
2025-12-03 13:45:30.663 CST,"ssadmin","seasql",14656,"[local]",692fce7a.3940,3,"idle",2025-12-03 13:45:30 CST,,0,LOG,00000,"disconnection: session time: 0:00:00.017 user=ssadmin database=seasql host=[local]",,,,,,,,,"pgq ticker","client backend",,0
2025-12-03 13:45:30.675 CST,"ssadmin","seasql",14657,"[local]",692fce7a.3941,3,"idle",2025-12-03 13:45:30 CST,,0,LOG,00000,"disconnection: session time: 0:00:00.029 user=ssadmin database=seasql host=[local]",,,,,,,,,"pgq ticker","client backend",,0
2025-12-03 13:45:31.067 CST,"kong","syslog_db",14686,"177.177.153.33:34808",692fce7b.395e,2,"authentication",2025-12-03 13:45:31 CST,84/185,0,LOG,00000,"connection authenticated: identity=""kong"" method=md5 (/var/lib/seasql/ssdata/data/pg_hba.conf:4)",,,,,,,,,"","client backend",,995637435984610284
2025-12-03 13:45:31.067 CST,"kong","syslog_db",14686,"177.177.153.33:34808",692fce7b.395e,3,"authentication",2025-12-03 13:45:31 CST,84/185,0,LOG,00000,"connection authorized: user=kong database=syslog_db SSL enabled (protocol=TLSv1.3, cipher=TLS_AES_256_GCM_SHA384, bits=256)",,,,,,,,,"","client backend",,995637435984610284
2025-12-03 13:45:31.169 CST,"kong","syslog_db",14612,"177.177.153.33:49264",692fce70.3914,4,"INSERT waiting",2025-12-03 13:45:20 CST,81/1893,5841935,LOG,00000,"process 14612 still waiting for ShareLock on transaction 5841923 after 1000.160 ms","Process holding the lock: 14405. Wait queue: 9694, 14612.",,,,"while locking tuple (94,49) in relation ""tbl_syslog_data_agg""","insert into tbl_syslog_data_agg(data_id, agg, digest, level, message, module, param_list, severity, pri, send_time, source_ip, sysname, timestamp, amount, tenant_id,region_id) values ($1, $2, $3, $4, $5, $6, $7, $8, $9, $10, $11, $12, $13, $14, $15, $16)  on CONFLICT (agg) DO update set amount = tbl_syslog_data_agg.amount + $17, timestamp = $18",,,"PostgreSQL JDBC Driver","client backend",,-8979893728494500089
2025-12-03 13:45:31.185 CST,,,72,,692fbbba.48,33,,2025-12-03 12:25:30 CST,,0,LOG,00000,"checkpoint starting: time",,,,,,,,,"","checkpointer",,0
2025-12-03 13:45:31.443 CST,"kong","syslog_db",14687,"177.177.153.33:34814",692fce7b.395f,2,"authentication",2025-12-03 13:45:31 CST,85/639,0,LOG,00000,"connection authenticated: identity=""kong"" method=md5 (/var/lib/seasql/ssdata/data/pg_hba.conf:4)",,,,,,,,,"","client backend",,995637435984610284
2025-12-03 13:45:31.443 CST,"kong","syslog_db",14687,"177.177.153.33:34814",692fce7b.395f,3,"authentication",2025-12-03 13:45:31 CST,85/639,0,LOG,00000,"connection authorized: user=kong database=syslog_db SSL enabled (protocol=TLSv1.3, cipher=TLS_AES_256_GCM_SHA384, bits=256)",,,,,,,,,"","client backend",,995637435984610284
2025-12-03 13:45:31.514 CST,"kong","syslog_db",14690,"177.177.153.33:34826",692fce7b.3962,2,"authentication",2025-12-03 13:45:31 CST,86/252,0,LOG,00000,"connection authenticated: identity=""kong"" method=md5 (/var/lib/seasql/ssdata/data/pg_hba.conf:4)",,,,,,,,,"","client backend",,995637435984610284
2025-12-03 13:45:31.514 CST,"kong","syslog_db",14690,"177.177.153.33:34826",692fce7b.3962,3,"authentication",2025-12-03 13:45:31 CST,86/252,0,LOG,00000,"connection authorized: user=kong database=syslog_db SSL enabled (protocol=TLSv1.3, cipher=TLS_AES_256_GCM_SHA384, bits=256)",,,,,,,,,"","client backend",,995637435984610284
2025-12-03 13:45:31.565 CST,"kong","syslog_db",14691,"177.177.153.33:34830",692fce7b.3963,2,"authentication",2025-12-03 13:45:31 CST,87/2631,0,LOG,00000,"connection authenticated: identity=""kong"" method=md5 (/var/lib/seasql/ssdata/data/pg_hba.conf:4)",,,,,,,,,"","client backend",,995637435984610284
2025-12-03 13:45:31.565 CST,"kong","syslog_db",14691,"177.177.153.33:34830",692fce7b.3963,3,"authentication",2025-12-03 13:45:31 CST,87/2631,0,LOG,00000,"connection authorized: user=kong database=syslog_db SSL enabled (protocol=TLSv1.3, cipher=TLS_AES_256_GCM_SHA384, bits=256)",,,,,,,,,"","client backend",,995637435984610284
2025-12-03 13:45:31.640 CST,"kong","syslog_db",14692,"177.177.153.33:34844",692fce7b.3964,2,"authentication",2025-12-03 13:45:31 CST,90/964,0,LOG,00000,"connection authenticated: identity=""kong"" method=md5 (/var/lib/seasql/ssdata/data/pg_hba.conf:4)",,,,,,,,,"","client backend",,995637435984610284
2025-12-03 13:45:31.640 CST,"kong","syslog_db",14692,"177.177.153.33:34844",692fce7b.3964,3,"authentication",2025-12-03 13:45:31 CST,90/964,0,LOG,00000,"connection authorized: user=kong database=syslog_db SSL enabled (protocol=TLSv1.3, cipher=TLS_AES_256_GCM_SHA384, bits=256)",,,,,,,,,"","client backend",,995637435984610284
2025-12-03 13:45:31.706 CST,"kong","syslog_db",14693,"177.177.153.33:34856",692fce7b.3965,2,"authentication",2025-12-03 13:45:31 CST,91/978,0,LOG,00000,"connection authenticated: identity=""kong"" method=md5 (/var/lib/seasql/ssdata/data/pg_hba.conf:4)",,,,,,,,,"","client backend",,995637435984610284
2025-12-03 13:45:31.706 CST,"kong","syslog_db",14693,"177.177.153.33:34856",692fce7b.3965,3,"authentication",2025-12-03 13:45:31 CST,91/978,0,LOG,00000,"connection authorized: user=kong database=syslog_db SSL enabled (protocol=TLSv1.3, cipher=TLS_AES_256_GCM_SHA384, bits=256)",,,,,,,,,"","client backend",,995637435984610284
2025-12-03 13:45:33.492 CST,"kong","syslog_db",14613,"177.177.153.33:49278",692fce70.3915,4,"INSERT waiting",2025-12-03 13:45:20 CST,82/224,5841948,LOG,00000,"process 14613 still waiting for ExclusiveLock on tuple (306,128) of relation 187765 of database 187579 after 1000.122 ms","Process holding the lock: 9694. Wait queue: 9906, 14295, 14482, 14608, 14609, 14610, 14611, 14613.",,,,,"insert into tbl_syslog_data_agg(data_id, agg, digest, level, message, module, param_list, severity, pri, send_time, source_ip, sysname, timestamp, amount, tenant_id,region_id) values ($1, $2, $3, $4, $5, $6, $7, $8, $9, $10, $11, $12, $13, $14, $15, $16)  on CONFLICT (agg) DO update set amount = tbl_syslog_data_agg.amount + $17, timestamp = $18",,,"PostgreSQL JDBC Driver","client backend",,-8979893728494500089
2025-12-03 13:45:38.081 CST,,,14719,,692fce81.397f,1,,2025-12-03 13:45:37 CST,94/48,0,LOG,00000,"automatic vacuum of table ""syslog_db.public.tbl_syslog_data_agg"": index scans: 1
pages: 0 removed, 711 remain, 2 skipped due to pins, 63 skipped frozen
tuples: 3038 removed, 1083 remain, 0 are dead but not yet removable, oldest xmin: 5841923
index scan needed: 437 pages from table (61.46% of total) had 22876 dead item identifiers removed
index ""tbl_syslog_data_agg_pkey"": pages: 31 in total, 0 newly deleted, 3 currently deleted, 3 reusable
index ""tbl_syslog_data_agg_timestamp"": pages: 141 in total, 1 newly deleted, 109 currently deleted, 108 reusable
index ""tbl_syslog_data_agg_un"": pages: 43 in total, 0 newly deleted, 5 currently deleted, 5 reusable
avg read rate: 0.000 MB/s, avg write rate: 1.825 MB/s
buffer usage: 2186 hits, 0 misses, 16 dirtied
WAL usage: 1385 records, 534 full page images, 560033 bytes
system usage: CPU: user: 0.03 s, system: 0.00 s, elapsed: 0.06 s",,,,,,,,,"","autovacuum worker",,0
2025-12-03 13:45:38.115 CST,,,14719,,692fce81.397f,2,,2025-12-03 13:45:37 CST,94/49,5842020,LOG,00000,"automatic analyze of table ""syslog_db.public.tbl_syslog_data_agg""
avg read rate: 0.000 MB/s, avg write rate: 3.217 MB/s
buffer usage: 1154 hits, 0 misses, 14 dirtied
system usage: CPU: user: 0.02 s, system: 0.00 s, elapsed: 0.03 s",,,,,,,,,"","autovacuum worker",,0
2025-12-03 13:45:44.806 CST,"kong","syslog_db",14405,"177.177.153.33:41934",692fce2f.3845,6,"DELETE",2025-12-03 13:44:15 CST,71/374,5841923,LOG,00000,"duration: 27506.829 ms  execute <unnamed>/C_5: delete from tbl_syslog_data where timestamp <= $1","parameters: $1 = '1764740123'",,,,,,,,"PostgreSQL JDBC Driver","client backend",,-6355488701878700177
2025-12-03 13:45:45.261 CST,"kong","syslog_db",14612,"177.177.153.33:49264",692fce70.3914,5,"INSERT waiting",2025-12-03 13:45:20 CST,81/1893,5841935,LOG,00000,"process 14612 acquired ShareLock on transaction 5841923 after 15091.658 ms",,,,,"while locking tuple (94,49) in relation ""tbl_syslog_data_agg""","insert into tbl_syslog_data_agg(data_id, agg, digest, level, message, module, param_list, severity, pri, send_time, source_ip, sysname, timestamp, amount, tenant_id,region_id) values ($1, $2, $3, $4, $5, $6, $7, $8, $9, $10, $11, $12, $13, $14, $15, $16)  on CONFLICT (agg) DO update set amount = tbl_syslog_data_agg.amount + $17, timestamp = $18",,,"PostgreSQL JDBC Driver","client backend",,-8979893728494500089
2025-12-03 13:45:45.261 CST,"kong","syslog_db",9694,"177.177.153.33:32778",692fc7ea.25de,5,"INSERT waiting",2025-12-03 13:17:30 CST,21/1439,5841924,LOG,00000,"process 9694 acquired ShareLock on transaction 5841923 after 27311.645 ms",,,,,"while locking tuple (306,128) in relation ""tbl_syslog_data_agg""","insert into tbl_syslog_data_agg(data_id, agg, digest, level, message, module, param_list, severity, pri, send_time, source_ip, sysname, timestamp, amount, tenant_id,region_id) values ($1, $2, $3, $4, $5, $6, $7, $8, $9, $10, $11, $12, $13, $14, $15, $16)  on CONFLICT (agg) DO update set amount = tbl_syslog_data_agg.amount + $17, timestamp = $18",,,"PostgreSQL JDBC Driver","client backend",,-8979893728494500089
2025-12-03 13:45:45.261 CST,"kong","syslog_db",9906,"177.177.153.33:54406",692fc83a.26b2,5,"INSERT waiting",2025-12-03 13:18:50 CST,15/351,5841925,LOG,00000,"process 9906 acquired ExclusiveLock on tuple (306,128) of relation 187765 of database 187579 after 25972.572 ms",,,,,,"insert into tbl_syslog_data_agg(data_id, agg, digest, level, message, module, param_list, severity, pri, send_time, source_ip, sysname, timestamp, amount, tenant_id,region_id) values ($1, $2, $3, $4, $5, $6, $7, $8, $9, $10, $11, $12, $13, $14, $15, $16)  on CONFLICT (agg) DO update set amount = tbl_syslog_data_agg.amount + $17, timestamp = $18",,,"PostgreSQL JDBC Driver","client backend",,-8979893728494500089
2025-12-03 13:45:45.261 CST,"kong","syslog_db",9694,"177.177.153.33:32778",692fc7ea.25de,6,"INSERT",2025-12-03 13:17:30 CST,21/1439,5841924,LOG,00000,"duration: 27312.209 ms  execute S_3: insert into tbl_syslog_data_agg(data_id, agg, digest, level, message, module, param_list, severity, pri, send_time, source_ip, sysname, timestamp, amount, tenant_id,region_id) values ($1, $2, $3, $4, $5, $6, $7, $8, $9, $10, $11, $12, $13, $14, $15, $16)  on CONFLICT (agg) DO update set amount = tbl_syslog_data_agg.amount + $17, timestamp = $18","parameters: $1 = 'c3082cdb-b834-4fa9-a1ba-cf411dc4cfdb', $2 = 'd5e5891cab09f2ddf904ba6ce762255546db1607c518d688df3822e05b6d28d4', $3 = 'Test_Syslog_Digest', $4 = '', $5 = '111015fca3c-ebc9-4d22-9e54-20018aaccac6', $6 = 'Test_Syslog_Module', $7 = '', $8 = '5', $9 = '', $10 = 'Dec  3 13:45:18 2025', $11 = '10.142.135.220', $12 = 'mj-extension-223-121-vip-125', $13 = '1764740716', $14 = '5', $15 = 'abd2d9f6-36d9-45b8-b7e3-7a793b3a6f2c', $16 = NULL, $17 = '5', $18 = '1764740716'",,,,,,,,"PostgreSQL JDBC Driver","client backend",,-8979893728494500089
2025-12-03 13:45:45.261 CST,"kong","syslog_db",14612,"177.177.153.33:49264",692fce70.3914,6,"INSERT",2025-12-03 13:45:20 CST,81/1893,5841935,LOG,00000,"duration: 15092.402 ms  execute S_3: insert into tbl_syslog_data_agg(data_id, agg, digest, level, message, module, param_list, severity, pri, send_time, source_ip, sysname, timestamp, amount, tenant_id,region_id) values ($1, $2, $3, $4, $5, $6, $7, $8, $9, $10, $11, $12, $13, $14, $15, $16)  on CONFLICT (agg) DO update set amount = tbl_syslog_data_agg.amount + $17, timestamp = $18","parameters: $1 = 'a361beb0-22e4-4a9b-adcc-442b0f9471c4', $2 = 'e22eed4ca9a82d0918bc7a27f166a8bc85d84c35b8c44dc96b2d5e46ab3dda63', $3 = 'Test_Syslog_Digest', $4 = '', $5 = '11101633f4d-7cee-48f2-a8e5-f3f2677d4aab', $6 = 'Test_Syslog_Module', $7 = '', $8 = '5', $9 = '', $10 = 'Dec  3 13:45:32 2025', $11 = '10.142.135.220', $12 = 'mj-extension-223-121-vip-125', $13 = '1764740727', $14 = '3', $15 = 'abd2d9f6-36d9-45b8-b7e3-7a793b3a6f2c', $16 = NULL, $17 = '3', $18 = '1764740727'",,,,,,,,"PostgreSQL JDBC Driver","client backend",,-8979893728494500089
2025-12-03 13:45:45.262 CST,"kong","syslog_db",14295,"177.177.153.33:32942",692fce02.37d7,5,"INSERT waiting",2025-12-03 13:43:30 CST,39/511,5841927,LOG,00000,"process 14295 acquired ExclusiveLock on tuple (306,128) of relation 187765 of database 187579 after 24426.640 ms",,,,,,"insert into tbl_syslog_data_agg(data_id, agg, digest, level, message, module, param_list, severity, pri, send_time, source_ip, sysname, timestamp, amount, tenant_id,region_id) values ($1, $2, $3, $4, $5, $6, $7, $8, $9, $10, $11, $12, $13, $14, $15, $16)  on CONFLICT (agg) DO update set amount = tbl_syslog_data_agg.amount + $17, timestamp = $18",,,"PostgreSQL JDBC Driver","client backend",,-8979893728494500089
2025-12-03 13:45:45.263 CST,"kong","syslog_db",14482,"177.177.153.33:46208",692fce3f.3892,5,"INSERT waiting",2025-12-03 13:44:31 CST,72/143,5841928,LOG,00000,"process 14482 acquired ExclusiveLock on tuple (306,128) of relation 187765 of database 187579 after 22857.046 ms",,,,,,"insert into tbl_syslog_data_agg(data_id, agg, digest, level, message, module, param_list, severity, pri, send_time, source_ip, sysname, timestamp, amount, tenant_id,region_id) values ($1, $2, $3, $4, $5, $6, $7, $8, $9, $10, $11, $12, $13, $14, $15, $16)  on CONFLICT (agg) DO update set amount = tbl_syslog_data_agg.amount + $17, timestamp = $18",,,"PostgreSQL JDBC Driver","client backend",,-8979893728494500089
2025-12-03 13:45:45.271 CST,"kong","syslog_db",14608,"177.177.153.33:49232",692fce70.3910,5,"INSERT waiting",2025-12-03 13:45:20 CST,42/853,5841929,LOG,00000,"process 14608 acquired ExclusiveLock on tuple (306,128) of relation 187765 of database 187579 after 21370.547 ms",,,,,,"insert into tbl_syslog_data_agg(data_id, agg, digest, level, message, module, param_list, severity, pri, send_time, source_ip, sysname, timestamp, amount, tenant_id,region_id) values ($1, $2, $3, $4, $5, $6, $7, $8, $9, $10, $11, $12, $13, $14, $15, $16)  on CONFLICT (agg) DO update set amount = tbl_syslog_data_agg.amount + $17, timestamp = $18",,,"PostgreSQL JDBC Driver","client backend",,-8979893728494500089
2025-12-03 13:45:45.271 CST,"kong","syslog_db",14609,"177.177.153.33:49238",692fce70.3911,5,"INSERT waiting",2025-12-03 13:45:20 CST,45/2705,5841930,LOG,00000,"process 14609 acquired ExclusiveLock on tuple (306,128) of relation 187765 of database 187579 after 20002.478 ms",,,,,,"insert into tbl_syslog_data_agg(data_id, agg, digest, level, message, module, param_list, severity, pri, send_time, source_ip, sysname, timestamp, amount, tenant_id,region_id) values ($1, $2, $3, $4, $5, $6, $7, $8, $9, $10, $11, $12, $13, $14, $15, $16)  on CONFLICT (agg) DO update set amount = tbl_syslog_data_agg.amount + $17, timestamp = $18",,,"PostgreSQL JDBC Driver","client backend",,-8979893728494500089
2025-12-03 13:45:45.271 CST,"kong","syslog_db",14610,"177.177.153.33:49240",692fce70.3912,5,"INSERT waiting",2025-12-03 13:45:20 CST,78/363,5841931,LOG,00000,"process 14610 acquired ExclusiveLock on tuple (306,128) of relation 187765 of database 187579 after 18156.735 ms",,,,,,"insert into tbl_syslog_data_agg(data_id, agg, digest, level, message, module, param_list, severity, pri, send_time, source_ip, sysname, timestamp, amount, tenant_id,region_id) values ($1, $2, $3, $4, $5, $6, $7, $8, $9, $10, $11, $12, $13, $14, $15, $16)  on CONFLICT (agg) DO update set amount = tbl_syslog_data_agg.amount + $17, timestamp = $18",,,"PostgreSQL JDBC Driver","client backend",,-8979893728494500089
2025-12-03 13:45:45.272 CST,"kong","syslog_db",14611,"177.177.153.33:49256",692fce70.3913,5,"INSERT waiting",2025-12-03 13:45:20 CST,80/3848,5841932,LOG,00000,"process 14611 acquired ExclusiveLock on tuple (306,128) of relation 187765 of database 187579 after 16455.218 ms",,,,,,"insert into tbl_syslog_data_agg(data_id, agg, digest, level, message, module, param_list, severity, pri, send_time, source_ip, sysname, timestamp, amount, tenant_id,region_id) values ($1, $2, $3, $4, $5, $6, $7, $8, $9, $10, $11, $12, $13, $14, $15, $16)  on CONFLICT (agg) DO update set amount = tbl_syslog_data_agg.amount + $17, timestamp = $18",,,"PostgreSQL JDBC Driver","client backend",,-8979893728494500089
2025-12-03 13:45:45.272 CST,"kong","syslog_db",14613,"177.177.153.33:49278",692fce70.3915,5,"INSERT waiting",2025-12-03 13:45:20 CST,82/224,5841948,LOG,00000,"process 14613 acquired ExclusiveLock on tuple (306,128) of relation 187765 of database 187579 after 12780.079 ms",,,,,,"insert into tbl_syslog_data_agg(data_id, agg, digest, level, message, module, param_list, severity, pri, send_time, source_ip, sysname, timestamp, amount, tenant_id,region_id) values ($1, $2, $3, $4, $5, $6, $7, $8, $9, $10, $11, $12, $13, $14, $15, $16)  on CONFLICT (agg) DO update set amount = tbl_syslog_data_agg.amount + $17, timestamp = $18",,,"PostgreSQL JDBC Driver","client backend",,-8979893728494500089
2025-12-03 13:45:45.597 CST,"kong","syslog_db",14611,"177.177.153.33:49256",692fce70.3913,6,"INSERT",2025-12-03 13:45:20 CST,80/3848,5841932,LOG,00000,"duration: 16781.157 ms  execute S_3: insert into tbl_syslog_data_agg(data_id, agg, digest, level, message, module, param_list, severity, pri, send_time, source_ip, sysname, timestamp, amount, tenant_id,region_id) values ($1, $2, $3, $4, $5, $6, $7, $8, $9, $10, $11, $12, $13, $14, $15, $16)  on CONFLICT (agg) DO update set amount = tbl_syslog_data_agg.amount + $17, timestamp = $18","parameters: $1 = 'a1586da6-3cf4-4366-8f17-4ac024fd5eeb', $2 = 'd5e5891cab09f2ddf904ba6ce762255546db1607c518d688df3822e05b6d28d4', $3 = 'Test_Syslog_Digest', $4 = '', $5 = '111015fca3c-ebc9-4d22-9e54-20018aaccac6', $6 = 'Test_Syslog_Module', $7 = '', $8 = '5', $9 = '', $10 = 'Dec  3 13:45:30 2025', $11 = '10.142.135.220', $12 = 'mj-extension-223-121-vip-125', $13 = '1764740726', $14 = '2', $15 = 'abd2d9f6-36d9-45b8-b7e3-7a793b3a6f2c', $16 = NULL, $17 = '2', $18 = '1764740726'",,,,,,,,"PostgreSQL JDBC Driver","client backend",,-8979893728494500089
2025-12-03 13:45:46.336 CST,"kong","syslog_db",14613,"177.177.153.33:49278",692fce70.3915,6,"INSERT",2025-12-03 13:45:20 CST,82/224,5841948,LOG,00000,"duration: 13844.239 ms  execute S_3: insert into tbl_syslog_data_agg(data_id, agg, digest, level, message, module, param_list, severity, pri, send_time, source_ip, sysname, timestamp, amount, tenant_id,region_id) values ($1, $2, $3, $4, $5, $6, $7, $8, $9, $10, $11, $12, $13, $14, $15, $16)  on CONFLICT (agg) DO update set amount = tbl_syslog_data_agg.amount + $17, timestamp = $18","parameters: $1 = '2cab270e-30ff-4922-970b-18187fda0e60', $2 = 'd5e5891cab09f2ddf904ba6ce762255546db1607c518d688df3822e05b6d28d4', $3 = 'Test_Syslog_Digest', $4 = '', $5 = '111015fca3c-ebc9-4d22-9e54-20018aaccac6', $6 = 'Test_Syslog_Module', $7 = '', $8 = '5', $9 = '', $10 = 'Dec  3 13:45:34 2025', $11 = '10.142.135.220', $12 = 'mj-extension-223-121-vip-125', $13 = '1764740730', $14 = '1', $15 = 'abd2d9f6-36d9-45b8-b7e3-7a793b3a6f2c', $16 = NULL, $17 = '1', $18 = '1764740730'",,,,,,,,"PostgreSQL JDBC Driver","client backend",,-8979893728494500089
2025-12-03 13:45:46.741 CST,"kong","syslog_db",14610,"177.177.153.33:49240",692fce70.3912,6,"INSERT",2025-12-03 13:45:20 CST,78/363,5841931,LOG,00000,"duration: 19626.209 ms  execute S_3: insert into tbl_syslog_data_agg(data_id, agg, digest, level, message, module, param_list, severity, pri, send_time, source_ip, sysname, timestamp, amount, tenant_id,region_id) values ($1, $2, $3, $4, $5, $6, $7, $8, $9, $10, $11, $12, $13, $14, $15, $16)  on CONFLICT (agg) DO update set amount = tbl_syslog_data_agg.amount + $17, timestamp = $18","parameters: $1 = '77a9d76a-6c07-4a4b-8ade-72b24b304e71', $2 = 'd5e5891cab09f2ddf904ba6ce762255546db1607c518d688df3822e05b6d28d4', $3 = 'Test_Syslog_Digest', $4 = '', $5 = '111015fca3c-ebc9-4d22-9e54-20018aaccac6', $6 = 'Test_Syslog_Module', $7 = '', $8 = '5', $9 = '', $10 = 'Dec  3 13:45:29 2025', $11 = '10.142.135.220', $12 = 'mj-extension-223-121-vip-125', $13 = '1764740724', $14 = '4', $15 = 'abd2d9f6-36d9-45b8-b7e3-7a793b3a6f2c', $16 = NULL, $17 = '4', $18 = '1764740724'",,,,,,,,"PostgreSQL JDBC Driver","client backend",,-8979893728494500089
2025-12-03 13:45:47.171 CST,"kong","syslog_db",14482,"177.177.153.33:46208",692fce3f.3892,6,"INSERT",2025-12-03 13:44:31 CST,72/143,5841928,LOG,00000,"duration: 24765.308 ms  execute S_3: insert into tbl_syslog_data_agg(data_id, agg, digest, level, message, module, param_list, severity, pri, send_time, source_ip, sysname, timestamp, amount, tenant_id,region_id) values ($1, $2, $3, $4, $5, $6, $7, $8, $9, $10, $11, $12, $13, $14, $15, $16)  on CONFLICT (agg) DO update set amount = tbl_syslog_data_agg.amount + $17, timestamp = $18","parameters: $1 = '2d654a4d-58fd-42fa-9322-08b163db695d', $2 = 'd5e5891cab09f2ddf904ba6ce762255546db1607c518d688df3822e05b6d28d4', $3 = 'Test_Syslog_Digest', $4 = '', $5 = '111015fca3c-ebc9-4d22-9e54-20018aaccac6', $6 = 'Test_Syslog_Module', $7 = '', $8 = '5', $9 = '', $10 = 'Dec  3 13:45:24 2025', $11 = '10.142.135.220', $12 = 'mj-extension-223-121-vip-125', $13 = '1764740720', $14 = '1', $15 = 'abd2d9f6-36d9-45b8-b7e3-7a793b3a6f2c', $16 = NULL, $17 = '1', $18 = '1764740720'",,,,,,,,"PostgreSQL JDBC Driver","client backend",,-8979893728494500089
2025-12-03 13:45:47.579 CST,"kong","syslog_db",9906,"177.177.153.33:54406",692fc83a.26b2,6,"INSERT",2025-12-03 13:18:50 CST,15/351,5841925,LOG,00000,"duration: 28291.039 ms  execute S_3: insert into tbl_syslog_data_agg(data_id, agg, digest, level, message, module, param_list, severity, pri, send_time, source_ip, sysname, timestamp, amount, tenant_id,region_id) values ($1, $2, $3, $4, $5, $6, $7, $8, $9, $10, $11, $12, $13, $14, $15, $16)  on CONFLICT (agg) DO update set amount = tbl_syslog_data_agg.amount + $17, timestamp = $18","parameters: $1 = '0c9ad537-b6ce-4245-b0a5-e7430248eddd', $2 = 'd5e5891cab09f2ddf904ba6ce762255546db1607c518d688df3822e05b6d28d4', $3 = 'Test_Syslog_Digest', $4 = '', $5 = '111015fca3c-ebc9-4d22-9e54-20018aaccac6', $6 = 'Test_Syslog_Module', $7 = '', $8 = '5', $9 = '', $10 = 'Dec  3 13:45:20 2025', $11 = '10.142.135.220', $12 = 'mj-extension-223-121-vip-125', $13 = '1764740717', $14 = '2', $15 = 'abd2d9f6-36d9-45b8-b7e3-7a793b3a6f2c', $16 = NULL, $17 = '2', $18 = '1764740717'",,,,,,,,"PostgreSQL JDBC Driver","client backend",,-8979893728494500089
2025-12-03 13:45:48.158 CST,"kong","syslog_db",14608,"177.177.153.33:49232",692fce70.3910,6,"INSERT",2025-12-03 13:45:20 CST,42/853,5841929,LOG,00000,"duration: 24257.455 ms  execute S_3: insert into tbl_syslog_data_agg(data_id, agg, digest, level, message, module, param_list, severity, pri, send_time, source_ip, sysname, timestamp, amount, tenant_id,region_id) values ($1, $2, $3, $4, $5, $6, $7, $8, $9, $10, $11, $12, $13, $14, $15, $16)  on CONFLICT (agg) DO update set amount = tbl_syslog_data_agg.amount + $17, timestamp = $18","parameters: $1 = '17c3285a-881e-478c-b701-755b283cc6c5', $2 = 'd5e5891cab09f2ddf904ba6ce762255546db1607c518d688df3822e05b6d28d4', $3 = 'Test_Syslog_Digest', $4 = '', $5 = '111015fca3c-ebc9-4d22-9e54-20018aaccac6', $6 = 'Test_Syslog_Module', $7 = '', $8 = '5', $9 = '', $10 = 'Dec  3 13:45:27 2025', $11 = '10.142.135.220', $12 = 'mj-extension-223-121-vip-125', $13 = '1764740722', $14 = '1', $15 = 'abd2d9f6-36d9-45b8-b7e3-7a793b3a6f2c', $16 = NULL, $17 = '1', $18 = '1764740722'",,,,,,,,"PostgreSQL JDBC Driver","client backend",,-8979893728494500089
2025-12-03 13:45:48.576 CST,"kong","syslog_db",14295,"177.177.153.33:32942",692fce02.37d7,6,"INSERT",2025-12-03 13:43:30 CST,39/511,5841927,LOG,00000,"duration: 27740.809 ms  execute S_3: insert into tbl_syslog_data_agg(data_id, agg, digest, level, message, module, param_list, severity, pri, send_time, source_ip, sysname, timestamp, amount, tenant_id,region_id) values ($1, $2, $3, $4, $5, $6, $7, $8, $9, $10, $11, $12, $13, $14, $15, $16)  on CONFLICT (agg) DO update set amount = tbl_syslog_data_agg.amount + $17, timestamp = $18","parameters: $1 = '07df336c-7380-49bb-8a08-40a78ffa7c60', $2 = 'd5e5891cab09f2ddf904ba6ce762255546db1607c518d688df3822e05b6d28d4', $3 = 'Test_Syslog_Digest', $4 = '', $5 = '111015fca3c-ebc9-4d22-9e54-20018aaccac6', $6 = 'Test_Syslog_Module', $7 = '', $8 = '5', $9 = '', $10 = 'Dec  3 13:45:22 2025', $11 = '10.142.135.220', $12 = 'mj-extension-223-121-vip-125', $13 = '1764740718', $14 = '1', $15 = 'abd2d9f6-36d9-45b8-b7e3-7a793b3a6f2c', $16 = NULL, $17 = '1', $18 = '1764740718'",,,,,,,,"PostgreSQL JDBC Driver","client backend",,-8979893728494500089
2025-12-03 13:45:49.564 CST,"kong","syslog_db",14609,"177.177.153.33:49238",692fce70.3911,6,"INSERT",2025-12-03 13:45:20 CST,45/2705,5841930,LOG,00000,"duration: 24295.942 ms  execute S_3: insert into tbl_syslog_data_agg(data_id, agg, digest, level, message, module, param_list, severity, pri, send_time, source_ip, sysname, timestamp, amount, tenant_id,region_id) values ($1, $2, $3, $4, $5, $6, $7, $8, $9, $10, $11, $12, $13, $14, $15, $16)  on CONFLICT (agg) DO update set amount = tbl_syslog_data_agg.amount + $17, timestamp = $18","parameters: $1 = 'db995225-97ca-4393-92a8-8c2af514426c', $2 = 'd5e5891cab09f2ddf904ba6ce762255546db1607c518d688df3822e05b6d28d4', $3 = 'Test_Syslog_Digest', $4 = '', $5 = '111015fca3c-ebc9-4d22-9e54-20018aaccac6', $6 = 'Test_Syslog_Module', $7 = '', $8 = '5', $9 = '', $10 = 'Dec  3 13:45:27 2025', $11 = '10.142.135.220', $12 = 'mj-extension-223-121-vip-125', $13 = '1764740723', $14 = '5', $15 = 'abd2d9f6-36d9-45b8-b7e3-7a793b3a6f2c', $16 = NULL, $17 = '5', $18 = '1764740723'",,,,,,,,"PostgreSQL JDBC Driver","client backend",,-8979893728494500089
2025-12-03 13:45:50.056 CST,"kong","syslog_db",14612,"177.177.153.33:49264",692fce70.3914,7,"INSERT",2025-12-03 13:45:20 CST,81/1894,5842024,LOG,00000,"duration: 2210.633 ms  execute S_3: insert into tbl_syslog_data_agg(data_id, agg, digest, level, message, module, param_list, severity, pri, send_time, source_ip, sysname, timestamp, amount, tenant_id,region_id) values ($1, $2, $3, $4, $5, $6, $7, $8, $9, $10, $11, $12, $13, $14, $15, $16)  on CONFLICT (agg) DO update set amount = tbl_syslog_data_agg.amount + $17, timestamp = $18","parameters: $1 = 'b6b8fec8-392f-4f32-a438-55bc19baac91', $2 = 'd5e5891cab09f2ddf904ba6ce762255546db1607c518d688df3822e05b6d28d4', $3 = 'Test_Syslog_Digest', $4 = '', $5 = '111015fca3c-ebc9-4d22-9e54-20018aaccac6', $6 = 'Test_Syslog_Module', $7 = '', $8 = '5', $9 = '', $10 = 'Dec  3 13:45:35 2025', $11 = '10.142.135.220', $12 = 'mj-extension-223-121-vip-125', $13 = '1764740731', $14 = '2', $15 = 'abd2d9f6-36d9-45b8-b7e3-7a793b3a6f2c', $16 = NULL, $17 = '2', $18 = '1764740731'",,,,,,,,"PostgreSQL JDBC Driver","client backend",,-8979893728494500089
2025-12-03 13:45:55.552 CST,"kong","syslog_db",14608,"177.177.153.33:49232",692fce70.3910,7,"INSERT waiting",2025-12-03 13:45:20 CST,42/855,5842043,LOG,00000,"process 14608 still waiting for ShareLock on transaction 5842040 after 1000.135 ms","Process holding the lock: 9694. Wait queue: 14608, 14295, 14609.",,,,"while inserting index tuple (70,11) in relation ""tbl_syslog_data_agg""","insert into tbl_syslog_data_agg(data_id, agg, digest, level, message, module, param_list, severity, pri, send_time, source_ip, sysname, timestamp, amount, tenant_id,region_id) values ($1, $2, $3, $4, $5, $6, $7, $8, $9, $10, $11, $12, $13, $14, $15, $16)  on CONFLICT (agg) DO update set amount = tbl_syslog_data_agg.amount + $17, timestamp = $18",,,"PostgreSQL JDBC Driver","client backend",,-8979893728494500089
2025-12-03 13:45:55.647 CST,"kong","syslog_db",14608,"177.177.153.33:49232",692fce70.3910,8,"INSERT waiting",2025-12-03 13:45:20 CST,42/855,5842043,LOG,00000,"process 14608 acquired ShareLock on transaction 5842040 after 1095.057 ms",,,,,"while inserting index tuple (70,11) in relation ""tbl_syslog_data_agg""","insert into tbl_syslog_data_agg(data_id, agg, digest, level, message, module, param_list, severity, pri, send_time, source_ip, sysname, timestamp, amount, tenant_id,region_id) values ($1, $2, $3, $4, $5, $6, $7, $8, $9, $10, $11, $12, $13, $14, $15, $16)  on CONFLICT (agg) DO update set amount = tbl_syslog_data_agg.amount + $17, timestamp = $18",,,"PostgreSQL JDBC Driver","client backend",,-8979893728494500089
2025-12-03 13:45:56.046 CST,"kong","syslog_db",14295,"177.177.153.33:32942",692fce02.37d7,7,"INSERT",2025-12-03 13:43:30 CST,39/513,5842041,LOG,00000,"duration: 1109.400 ms  execute S_3: insert into tbl_syslog_data_agg(data_id, agg, digest, level, message, module, param_list, severity, pri, send_time, source_ip, sysname, timestamp, amount, tenant_id,region_id) values ($1, $2, $3, $4, $5, $6, $7, $8, $9, $10, $11, $12, $13, $14, $15, $16)  on CONFLICT (agg) DO update set amount = tbl_syslog_data_agg.amount + $17, timestamp = $18","parameters: $1 = '9f9a4328-7bfe-46d6-9902-7f56663ed244', $2 = 'd5e5891cab09f2ddf904ba6ce762255546db1607c518d688df3822e05b6d28d4', $3 = 'Test_Syslog_Digest', $4 = '', $5 = '111015fca3c-ebc9-4d22-9e54-20018aaccac6', $6 = 'Test_Syslog_Module', $7 = '', $8 = '5', $9 = '', $10 = 'Dec  3 13:45:47 2025', $11 = '10.142.135.220', $12 = 'mj-extension-223-121-vip-125', $13 = '1764740741', $14 = '3', $15 = 'abd2d9f6-36d9-45b8-b7e3-7a793b3a6f2c', $16 = NULL, $17 = '3', $18 = '1764740741'",,,,,,,,"PostgreSQL JDBC Driver","client backend",,-8979893728494500089
2025-12-03 13:45:56.545 CST,"kong","syslog_db",14608,"177.177.153.33:49232",692fce70.3910,9,"INSERT",2025-12-03 13:45:20 CST,42/855,5842043,LOG,00000,"duration: 1993.401 ms  execute S_3: insert into tbl_syslog_data_agg(data_id, agg, digest, level, message, module, param_list, severity, pri, send_time, source_ip, sysname, timestamp, amount, tenant_id,region_id) values ($1, $2, $3, $4, $5, $6, $7, $8, $9, $10, $11, $12, $13, $14, $15, $16)  on CONFLICT (agg) DO update set amount = tbl_syslog_data_agg.amount + $17, timestamp = $18","parameters: $1 = 'd6e8d9b2-155e-43af-b391-1ee63dd96b63', $2 = 'd5e5891cab09f2ddf904ba6ce762255546db1607c518d688df3822e05b6d28d4', $3 = 'Test_Syslog_Digest', $4 = '', $5 = '111015fca3c-ebc9-4d22-9e54-20018aaccac6', $6 = 'Test_Syslog_Module', $7 = '', $8 = '5', $9 = '', $10 = 'Dec  3 13:45:48 2025', $11 = '10.142.135.220', $12 = 'mj-extension-223-121-vip-125', $13 = '1764740742', $14 = '3', $15 = 'abd2d9f6-36d9-45b8-b7e3-7a793b3a6f2c', $16 = NULL, $17 = '3', $18 = '1764740742'",,,,,,,,"PostgreSQL JDBC Driver","client backend",,-8979893728494500089
2025-12-03 13:45:57.214 CST,"kong","syslog_db",14611,"177.177.153.33:49256",692fce70.3913,7,"INSERT",2025-12-03 13:45:20 CST,80/3851,5842045,LOG,00000,"duration: 1078.250 ms  execute S_3: insert into tbl_syslog_data_agg(data_id, agg, digest, level, message, module, param_list, severity, pri, send_time, source_ip, sysname, timestamp, amount, tenant_id,region_id) values ($1, $2, $3, $4, $5, $6, $7, $8, $9, $10, $11, $12, $13, $14, $15, $16)  on CONFLICT (agg) DO update set amount = tbl_syslog_data_agg.amount + $17, timestamp = $18","parameters: $1 = '7c554e27-e280-4da0-b5e7-b3e55f6d2c39', $2 = 'd5e5891cab09f2ddf904ba6ce762255546db1607c518d688df3822e05b6d28d4', $3 = 'Test_Syslog_Digest', $4 = '', $5 = '111015fca3c-ebc9-4d22-9e54-20018aaccac6', $6 = 'Test_Syslog_Module', $7 = '', $8 = '5', $9 = '', $10 = 'Dec  3 13:45:51 2025', $11 = '10.142.135.220', $12 = 'mj-extension-223-121-vip-125', $13 = '1764740745', $14 = '2', $15 = 'abd2d9f6-36d9-45b8-b7e3-7a793b3a6f2c', $16 = NULL, $17 = '2', $18 = '1764740745'",,,,,,,,"PostgreSQL JDBC Driver","client backend",,-8979893728494500089
2025-12-03 13:45:59.143 CST,"kong","syslog_db",9906,"177.177.153.33:54406",692fc83a.26b2,7,"INSERT",2025-12-03 13:18:50 CST,15/354,5842046,LOG,00000,"duration: 1561.213 ms  execute S_3: insert into tbl_syslog_data_agg(data_id, agg, digest, level, message, module, param_list, severity, pri, send_time, source_ip, sysname, timestamp, amount, tenant_id,region_id) values ($1, $2, $3, $4, $5, $6, $7, $8, $9, $10, $11, $12, $13, $14, $15, $16)  on CONFLICT (agg) DO update set amount = tbl_syslog_data_agg.amount + $17, timestamp = $18","parameters: $1 = 'a9fc6e1d-a7e8-4ed8-a659-f358358f9fe7', $2 = 'd5e5891cab09f2ddf904ba6ce762255546db1607c518d688df3822e05b6d28d4', $3 = 'Test_Syslog_Digest', $4 = '', $5 = '111015fca3c-ebc9-4d22-9e54-20018aaccac6', $6 = 'Test_Syslog_Module', $7 = '', $8 = '5', $9 = '', $10 = 'Dec  3 13:45:55 2025', $11 = '10.142.135.220', $12 = 'mj-extension-223-121-vip-125', $13 = '1764740749', $14 = '4', $15 = 'abd2d9f6-36d9-45b8-b7e3-7a793b3a6f2c', $16 = NULL, $17 = '4', $18 = '1764740749'",,,,,,,,"PostgreSQL JDBC Driver","client backend",,-8979893728494500089
pages: 0 removed, 2 remain, 0 skipped due to pins, 0 skipped frozen
tuples: 60 removed, 7 remain, 0 are dead but not yet removable, oldest xmin: 5842124
index scan needed: 2 pages from table (100.00% of total) had 60 dead item identifiers removed
index ""tbl_addm_qrtz_triggers_pkey"": pages: 2 in total, 0 newly deleted, 0 currently deleted, 0 reusable
index ""idx_qrtz_t_j"": pages: 2 in total, 0 newly deleted, 0 currently deleted, 0 reusable
index ""idx_qrtz_t_jg"": pages: 2 in total, 0 newly deleted, 0 currently deleted, 0 reusable
index ""idx_qrtz_t_c"": pages: 2 in total, 0 newly deleted, 0 currently deleted, 0 reusable
index ""idx_qrtz_t_g"": pages: 2 in total, 0 newly deleted, 0 currently deleted, 0 reusable
index ""idx_qrtz_t_gs"": pages: 2 in total, 0 newly deleted, 0 currently deleted, 0 reusable
index ""idx_qrtz_t_state"": pages: 2 in total, 0 newly deleted, 0 currently deleted, 0 reusable
index ""idx_qrtz_t_n_state"": pages: 2 in total, 0 newly deleted, 0 currently deleted, 0 reusable
index ""idx_qrtz_t_n_states"": pages: 2 in total, 0 newly deleted, 0 currently deleted, 0 reusable
index ""idx_qrtz_t_n_g_state"": pages: 2 in total, 0 newly deleted, 0 currently deleted, 0 reusable
index ""IDX_QRTZ_T_next_fire_time"": pages: 2 in total, 0 newly deleted, 0 currently deleted, 0 reusable
index ""idx_qrtz_t_nft_st"": pages: 2 in total, 0 newly deleted, 0 currently deleted, 0 reusable
index ""idx_qrtz_t_nft_misfire"": pages: 2 in total, 0 newly deleted, 0 currently deleted, 0 reusable
index ""idx_qrtz_t_nft_st_misfire"": pages: 2 in total, 0 newly deleted, 0 currently deleted, 0 reusable
index ""idx_qrtz_t_nft_st_misfire_grp"": pages: 2 in total, 0 newly deleted, 0 currently deleted, 0 reusable
avg read rate: 0.000 MB/s, avg write rate: 1.078 MB/s
buffer usage: 427 hits, 0 misses, 1 dirtied
WAL usage: 21 records, 1 full page images, 3241 bytes
system usage: CPU: user: 0.00 s, system: 0.00 s, elapsed: 0.00 s",,,,,,,,,"","autovacuum worker",,0
avg read rate: 0.000 MB/s, avg write rate: 4.136 MB/s
buffer usage: 480 hits, 0 misses, 9 dirtied
system usage: CPU: user: 0.00 s, system: 0.00 s, elapsed: 0.01 s",,,,,,,,,"","autovacuum worker",,0
2025-12-03 13:46:22.718 CST,"kong","syslog_db",14405,"177.177.153.33:41934",692fce2f.3845,7,"SELECT",2025-12-03 13:44:15 CST,71/375,0,LOG,00000,"duration: 6977.438 ms  execute <unnamed>/C_10: select agg, count(agg) as cnt from tbl_syslog_data
        where timestamp  <= $1 group by agg","parameters: $1 = '1764740187'",,,,,,,,"PostgreSQL JDBC Driver","client backend",,1382933252500534578
2025-12-03 13:46:23.990 CST,"kong","syslog_db",14405,"177.177.153.33:41934",692fce2f.3845,8,"DELETE",2025-12-03 13:44:15 CST,71/375,5842152,LOG,00000,"duration: 1129.570 ms  execute <unnamed>/C_12: delete from tbl_syslog_data where timestamp <= $1","parameters: $1 = '1764740187'",,,,,,,,"PostgreSQL JDBC Driver","client backend",,-6355488701878700177
2025-12-03 13:46:24.021 CST,"kong","syslog_db",14611,"177.177.153.33:49256",692fce70.3913,8,"INSERT waiting",2025-12-03 13:45:20 CST,80/3855,5842151,LOG,00000,"process 14611 still waiting for ShareLock on transaction 5842152 after 1000.127 ms","Process holding the lock: 14405. Wait queue: 14611.",,,,"while locking tuple (70,28) in relation ""tbl_syslog_data_agg""","insert into tbl_syslog_data_agg(data_id, agg, digest, level, message, module, param_list, severity, pri, send_time, source_ip, sysname, timestamp, amount, tenant_id,region_id) values ($1, $2, $3, $4, $5, $6, $7, $8, $9, $10, $11, $12, $13, $14, $15, $16)  on CONFLICT (agg) DO update set amount = tbl_syslog_data_agg.amount + $17, timestamp = $18",,,"PostgreSQL JDBC Driver","client backend",,-8979893728494500089
2025-12-03 13:46:24.118 CST,"kong","syslog_db",14611,"177.177.153.33:49256",692fce70.3913,9,"INSERT waiting",2025-12-03 13:45:20 CST,80/3855,5842151,LOG,00000,"process 14611 acquired ShareLock on transaction 5842152 after 1097.263 ms",,,,,"while locking tuple (70,28) in relation ""tbl_syslog_data_agg""","insert into tbl_syslog_data_agg(data_id, agg, digest, level, message, module, param_list, severity, pri, send_time, source_ip, sysname, timestamp, amount, tenant_id,region_id) values ($1, $2, $3, $4, $5, $6, $7, $8, $9, $10, $11, $12, $13, $14, $15, $16)  on CONFLICT (agg) DO update set amount = tbl_syslog_data_agg.amount + $17, timestamp = $18",,,"PostgreSQL JDBC Driver","client backend",,-8979893728494500089
2025-12-03 13:46:24.119 CST,"kong","syslog_db",14611,"177.177.153.33:49256",692fce70.3913,10,"INSERT",2025-12-03 13:45:20 CST,80/3855,5842151,LOG,00000,"duration: 1097.684 ms  execute S_3: insert into tbl_syslog_data_agg(data_id, agg, digest, level, message, module, param_list, severity, pri, send_time, source_ip, sysname, timestamp, amount, tenant_id,region_id) values ($1, $2, $3, $4, $5, $6, $7, $8, $9, $10, $11, $12, $13, $14, $15, $16)  on CONFLICT (agg) DO update set amount = tbl_syslog_data_agg.amount + $17, timestamp = $18","parameters: $1 = '49896750-3729-4622-a1bc-afb0f42a7bd9', $2 = 'd5e5891cab09f2ddf904ba6ce762255546db1607c518d688df3822e05b6d28d4', $3 = 'Test_Syslog_Digest', $4 = '', $5 = '111015fca3c-ebc9-4d22-9e54-20018aaccac6', $6 = 'Test_Syslog_Module', $7 = '', $8 = '5', $9 = '', $10 = 'Dec  3 13:46:26 2025', $11 = '10.142.135.220', $12 = 'mj-extension-223-121-vip-125', $13 = '1764740781', $14 = '5', $15 = 'abd2d9f6-36d9-45b8-b7e3-7a793b3a6f2c', $16 = NULL, $17 = '5', $18 = '1764740781'",,,,,,,,"PostgreSQL JDBC Driver","client backend",,-8979893728494500089
2025-12-03 13:46:30.696 CST,"ssadmin","syslog_db",14877,"[local]",692fceb6.3a1d,2,"authentication",2025-12-03 13:46:30 CST,99/33,0,LOG,00000,"connection authorized: user=ssadmin database=syslog_db application_name=pgq ticker",,,,,,,,,"","client backend",,0

2025-12-03 13:46:30.698 CST,"ssadmin","kong",14881,"[local]",692fceb6.3a21,2,"authentication",2025-12-03 13:46:30 CST,107/86,0,LOG,00000,"connection authorized: user=ssadmin database=kong application_name=pgq ticker",,,,,,,,,"","client backend",,-6125683794421088918
2025-12-03 13:46:30.699 CST,"ssadmin","seasql",14882,"[local]",692fceb6.3a22,2,"authentication",2025-12-03 13:46:30 CST,108/236,0,LOG,00000,"connection authorized: user=ssadmin database=seasql application_name=pgq ticker",,,,,,,,,"","client backend",,-6125683794421088918
2025-12-03 13:46:30.701 CST,"ssadmin","syslog_db",14877,"[local]",692fceb6.3a1d,3,"idle",2025-12-03 13:46:30 CST,,0,LOG,00000,"disconnection: session time: 0:00:00.008 user=ssadmin database=syslog_db host=[local]",,,,,,,,,"pgq ticker","client backend",,0

2025-12-03 13:46:30.705 CST,"ssadmin","seasql",14888,"[local]",692fceb6.3a28,2,"authentication",2025-12-03 13:46:30 CST,111/17,0,LOG,00000,"connection authorized: user=ssadmin database=seasql application_name=pgq ticker",,,,,,,,,"","client backend",,-6125683794421088918
2025-12-03 13:46:30.706 CST,"ssadmin","seasql",14882,"[local]",692fceb6.3a22,3,"idle",2025-12-03 13:46:30 CST,,0,LOG,00000,"disconnection: session time: 0:00:00.009 user=ssadmin database=seasql host=[local]",,,,,,,,,"pgq ticker","client backend",,0
2025-12-03 13:46:30.707 CST,"ssadmin","kong",14881,"[local]",692fceb6.3a21,3,"idle",2025-12-03 13:46:30 CST,,0,LOG,00000,"disconnection: session time: 0:00:00.010 user=ssadmin database=kong host=[local]",,,,,,,,,"pgq ticker","client backend",,0
2025-12-03 13:46:30.721 CST,"ssadmin","seasql",14888,"[local]",692fceb6.3a28,3,"idle",2025-12-03 13:46:30 CST,,0,LOG,00000,"disconnection: session time: 0:00:00.019 user=ssadmin database=seasql host=[local]",,,,,,,,,"pgq ticker","client backend",,0
2025-12-03 13:46:57.712 CST,,,14922,,692fcebd.3a4a,1,,2025-12-03 13:46:37 CST,100/34,0,LOG,00000,"automatic vacuum of table ""syslog_db.public.tbl_syslog_data"": index scans: 1
pages: 0 removed, 161842 remain, 0 skipped due to pins, 0 skipped frozen
tuples: 109446 removed, 1041401 remain, 0 are dead but not yet removable, oldest xmin: 5842253
index scan needed: 118447 pages from table (73.19% of total) had 2842684 dead item identifiers removed
index ""tbl_syslog_data_pkey"": pages: 36370 in total, 0 newly deleted, 0 currently deleted, 0 reusable
index ""tbl_syslog_data_timestamp"": pages: 4395 in total, 3177 newly deleted, 3177 currently deleted, 3129 reusable
avg read rate: 0.023 MB/s, avg write rate: 6.685 MB/s
buffer usage: 489119 hits, 59 misses, 16859 dirtied
WAL usage: 321038 records, 30107 full page images, 151256919 bytes
system usage: CPU: user: 10.27 s, system: 0.33 s, elapsed: 19.70 s",,,,,,,,,"","autovacuum worker",,0
2025-12-03 13:46:58.661 CST,,,14922,,692fcebd.3a4a,2,,2025-12-03 13:46:37 CST,100/35,5842286,LOG,00000,"automatic analyze of table ""syslog_db.public.tbl_syslog_data""
avg read rate: 0.000 MB/s, avg write rate: 0.099 MB/s
buffer usage: 30381 hits, 0 misses, 12 dirtied
system usage: CPU: user: 0.56 s, system: 0.02 s, elapsed: 0.94 s",,,,,,,,,"","autovacuum worker",,0
2025-12-03 13:46:58.756 CST,,,14922,,692fcebd.3a4a,3,,2025-12-03 13:46:37 CST,100/37,0,LOG,00000,"automatic vacuum of table ""syslog_db.public.tbl_syslog_data_agg"": index scans: 1
pages: 0 removed, 908 remain, 0 skipped due to pins, 0 skipped frozen
tuples: 6919 removed, 1000 remain, 0 are dead but not yet removable, oldest xmin: 5842287
index scan needed: 905 pages from table (99.67% of total) had 61135 dead item identifiers removed
index ""tbl_syslog_data_agg_pkey"": pages: 32 in total, 0 newly deleted, 0 currently deleted, 0 reusable
index ""tbl_syslog_data_agg_timestamp"": pages: 141 in total, 99 newly deleted, 136 currently deleted, 37 reusable
index ""tbl_syslog_data_agg_un"": pages: 43 in total, 0 newly deleted, 4 currently deleted, 4 reusable
avg read rate: 2.546 MB/s, avg write rate: 0.000 MB/s
buffer usage: 3673 hits, 27 misses, 0 dirtied
WAL usage: 2782 records, 0 full page images, 307570 bytes
system usage: CPU: user: 0.03 s, system: 0.00 s, elapsed: 0.08 s",,,,,,,,,"","autovacuum worker",,0
2025-12-03 13:46:58.779 CST,,,14922,,692fcebd.3a4a,4,,2025-12-03 13:46:37 CST,100/38,5842287,LOG,00000,"automatic analyze of table ""syslog_db.public.tbl_syslog_data_agg""
avg read rate: 0.000 MB/s, avg write rate: 0.679 MB/s
buffer usage: 1155 hits, 0 misses, 2 dirtied
system usage: CPU: user: 0.01 s, system: 0.00 s, elapsed: 0.02 s",,,,,,,,,"","autovacuum worker",,0
2025-12-03 13:47:01.038 CST,"kong","syslog_db",14693,"177.177.153.33:34856",692fce7b.3965,4,"idle",2025-12-03 13:45:31 CST,,0,LOG,00000,"disconnection: session time: 0:01:29.380 user=kong database=syslog_db host=177.177.153.33 port=34856",,,,,,,,,"PostgreSQL JDBC Driver","client backend",,0
2025-12-03 13:47:01.039 CST,"kong","syslog_db",14692,"177.177.153.33:34844",692fce7b.3964,4,"idle",2025-12-03 13:45:31 CST,,0,LOG,00000,"disconnection: session time: 0:01:29.458 user=kong database=syslog_db host=177.177.153.33 port=34844",,,,,,,,,"PostgreSQL JDBC Driver","client backend",,0
2025-12-03 13:47:01.039 CST,"kong","syslog_db",14691,"177.177.153.33:34830",692fce7b.3963,4,"idle",2025-12-03 13:45:31 CST,,0,LOG,00000,"disconnection: session time: 0:01:29.502 user=kong database=syslog_db host=177.177.153.33 port=34830",,,,,,,,,"PostgreSQL JDBC Driver","client backend",,0
2025-12-03 13:47:01.043 CST,"kong","syslog_db",14690,"177.177.153.33:34826",692fce7b.3962,4,"idle",2025-12-03 13:45:31 CST,,0,LOG,00000,"disconnection: session time: 0:01:29.577 user=kong database=syslog_db host=177.177.153.33 port=34826",,,,,,,,,"PostgreSQL JDBC Driver","client backend",,0
2025-12-03 13:47:01.043 CST,"kong","syslog_db",14687,"177.177.153.33:34814",692fce7b.395f,4,"idle",2025-12-03 13:45:31 CST,,0,LOG,00000,"disconnection: session time: 0:01:29.900 user=kong database=syslog_db host=177.177.153.33 port=34814",,,,,,,,,"PostgreSQL JDBC Driver","client backend",,0
2025-12-03 13:47:01.045 CST,"kong","syslog_db",14686,"177.177.153.33:34808",692fce7b.395e,4,"idle",2025-12-03 13:45:31 CST,,0,LOG,00000,"disconnection: session time: 0:01:30.006 user=kong database=syslog_db host=177.177.153.33 port=34808",,,,,,,,,"PostgreSQL JDBC Driver","client backend",,0
2025-12-03 13:47:03.248 CST,"kong","syslog_db",13171,"177.177.153.33:51394",692fcc7e.3373,4,"idle",2025-12-03 13:37:02 CST,52/0,0,FATAL,57P05,"terminating connection due to idle-session timeout",,,,,,,,,"DataGrip 2025.1.3","client backend",,7472924726548704073
2025-12-03 13:47:03.249 CST,"kong","syslog_db",13171,"177.177.153.33:51394",692fcc7e.3373,5,"idle",2025-12-03 13:37:02 CST,,0,LOG,00000,"disconnection: session time: 0:10:01.116 user=kong database=syslog_db host=177.177.153.33 port=51394",,,,,,,,,"DataGrip 2025.1.3","client backend",,0
avg read rate: 0.000 MB/s, avg write rate: 3.348 MB/s
buffer usage: 243 hits, 0 misses, 3 dirtied
system usage: CPU: user: 0.00 s, system: 0.00 s, elapsed: 0.00 s",,,,,,,,,"","autovacuum worker",,0
pages: 0 removed, 1 remain, 0 skipped due to pins, 0 skipped frozen
tuples: 32 removed, 1 remain, 0 are dead but not yet removable, oldest xmin: 5842353
index scan needed: 1 pages from table (100.00% of total) had 62 dead item identifiers removed
index ""tbl_addm_qrtz_fired_triggers_pkey"": pages: 4 in total, 0 newly deleted, 1 currently deleted, 1 reusable
index ""idx_qrtz_ft_trig_inst_name"": pages: 2 in total, 0 newly deleted, 0 currently deleted, 0 reusable
index ""idx_qrtz_ft_inst_job_req_rcvry"": pages: 2 in total, 0 newly deleted, 0 currently deleted, 0 reusable
index ""idx_qrtz_ft_j_g"": pages: 2 in total, 0 newly deleted, 0 currently deleted, 0 reusable
index ""idx_qrtz_ft_jg"": pages: 2 in total, 0 newly deleted, 0 currently deleted, 0 reusable
index ""idx_qrtz_ft_t_g"": pages: 2 in total, 0 newly deleted, 0 currently deleted, 0 reusable
index ""idx_qrtz_ft_tg"": pages: 2 in total, 0 newly deleted, 0 currently deleted, 0 reusable
avg read rate: 5.273 MB/s, avg write rate: 13.183 MB/s
buffer usage: 208 hits, 2 misses, 5 dirtied
WAL usage: 14 records, 5 full page images, 4125 bytes
system usage: CPU: user: 0.00 s, system: 0.00 s, elapsed: 0.00 s",,,,,,,,,"","autovacuum worker",,0
avg read rate: 0.000 MB/s, avg write rate: 3.125 MB/s
buffer usage: 219 hits, 0 misses, 4 dirtied
system usage: CPU: user: 0.00 s, system: 0.00 s, elapsed: 0.01 s",,,,,,,,,"","autovacuum worker",,0
2025-12-03 13:47:06.977 CST,"ssadmin","seasql",14999,"177.177.153.48:55142",692fceda.3a97,2,"authentication",2025-12-03 13:47:06 CST,43/670,0,LOG,00000,"connection authenticated: identity=""ssadmin"" method=md5 (/var/lib/seasql/ssdata/data/pg_hba.conf:4)",,,,,,,,,"","client backend",,0
2025-12-03 13:47:06.977 CST,"ssadmin","seasql",14999,"177.177.153.48:55142",692fceda.3a97,3,"authentication",2025-12-03 13:47:06 CST,43/670,0,LOG,00000,"connection authorized: user=ssadmin database=seasql SSL enabled (protocol=TLSv1.3, cipher=TLS_AES_256_GCM_SHA384, bits=256)",,,,,,,,,"","client backend",,0
2025-12-03 13:47:06.980 CST,"ssadmin","seasql",14999,"177.177.153.48:55142",692fceda.3a97,4,"idle",2025-12-03 13:47:06 CST,,0,LOG,00000,"disconnection: session time: 0:00:00.010 user=ssadmin database=seasql host=177.177.153.48 port=55142",,,,,,,,,"","client backend",,0
2025-12-03 13:47:06.990 CST,"ssadmin","seasql",15000,"177.177.153.48:55154",692fceda.3a98,2,"authentication",2025-12-03 13:47:06 CST,43/672,0,LOG,00000,"connection authenticated: identity=""ssadmin"" method=md5 (/var/lib/seasql/ssdata/data/pg_hba.conf:4)",,,,,,,,,"","client backend",,0
2025-12-03 13:47:06.990 CST,"ssadmin","seasql",15000,"177.177.153.48:55154",692fceda.3a98,3,"authentication",2025-12-03 13:47:06 CST,43/672,0,LOG,00000,"connection authorized: user=ssadmin database=seasql SSL enabled (protocol=TLSv1.3, cipher=TLS_AES_256_GCM_SHA384, bits=256)",,,,,,,,,"","client backend",,0
2025-12-03 13:47:06.998 CST,"ssadmin","seasql",15000,"177.177.153.48:55154",692fceda.3a98,4,"idle",2025-12-03 13:47:06 CST,,0,LOG,00000,"disconnection: session time: 0:00:00.014 user=ssadmin database=seasql host=177.177.153.48 port=55154",,,,,,,,,"","client backend",,0
2025-12-03 13:47:07.017 CST,"ssadmin","seasql",15001,"177.177.153.48:55168",692fcedb.3a99,2,"authentication",2025-12-03 13:47:07 CST,43/675,0,LOG,00000,"connection authenticated: identity=""ssadmin"" method=md5 (/var/lib/seasql/ssdata/data/pg_hba.conf:4)",,,,,,,,,"","client backend",,-7464539382001757696
2025-12-03 13:47:07.018 CST,"ssadmin","seasql",15001,"177.177.153.48:55168",692fcedb.3a99,3,"authentication",2025-12-03 13:47:07 CST,43/675,0,LOG,00000,"connection authorized: user=ssadmin database=seasql SSL enabled (protocol=TLSv1.3, cipher=TLS_AES_256_GCM_SHA384, bits=256)",,,,,,,,,"","client backend",,-7464539382001757696
2025-12-03 13:47:07.021 CST,"ssadmin","seasql",15001,"177.177.153.48:55168",692fcedb.3a99,4,"idle",2025-12-03 13:47:07 CST,,0,LOG,00000,"disconnection: session time: 0:00:00.015 user=ssadmin database=seasql host=177.177.153.48 port=55168",,,,,,,,,"","client backend",,0
2025-12-03 13:47:07.037 CST,"ssadmin","seasql",15002,"177.177.153.48:55174",692fcedb.3a9a,2,"authentication",2025-12-03 13:47:07 CST,43/677,0,LOG,00000,"connection authenticated: identity=""ssadmin"" method=md5 (/var/lib/seasql/ssdata/data/pg_hba.conf:4)",,,,,,,,,"","client backend",,0
2025-12-03 13:47:07.037 CST,"ssadmin","seasql",15002,"177.177.153.48:55174",692fcedb.3a9a,3,"authentication",2025-12-03 13:47:07 CST,43/677,0,LOG,00000,"connection authorized: user=ssadmin database=seasql SSL enabled (protocol=TLSv1.3, cipher=TLS_AES_256_GCM_SHA384, bits=256)",,,,,,,,,"","client backend",,0
2025-12-03 13:47:07.042 CST,"ssadmin","seasql",15002,"177.177.153.48:55174",692fcedb.3a9a,4,"idle",2025-12-03 13:47:07 CST,,0,LOG,00000,"disconnection: session time: 0:00:00.016 user=ssadmin database=seasql host=177.177.153.48 port=55174",,,,,,,,,"","client backend",,0
2025-12-03 13:47:11.363 CST,"kong","syslog_db",9694,"177.177.153.33:32778",692fc7ea.25de,7,"idle",2025-12-03 13:17:30 CST,,0,LOG,00000,"disconnection: session time: 0:29:40.704 user=kong database=syslog_db host=177.177.153.33 port=32778",,,,,,,,,"PostgreSQL JDBC Driver","client backend",,0
avg read rate: 0.000 MB/s, avg write rate: 2.279 MB/s
buffer usage: 598 hits, 0 misses, 14 dirtied
system usage: CPU: user: 0.03 s, system: 0.00 s, elapsed: 0.04 s",,,,,,,,,"","autovacuum worker",,0
2025-12-03 13:47:30.737 CST,"ssadmin","kong",15064,"[local]",692fcef2.3ad8,2,"authentication",2025-12-03 13:47:30 CST,43/690,0,LOG,00000,"connection authorized: user=ssadmin database=kong application_name=pgq ticker",,,,,,,,,"","client backend",,0
2025-12-03 13:47:30.738 CST,"ssadmin","syslog_db",15061,"[local]",692fcef2.3ad5,2,"authentication",2025-12-03 13:47:30 CST,77/215,0,LOG,00000,"connection authorized: user=ssadmin database=syslog_db application_name=pgq ticker",,,,,,,,,"","client backend",,0

2025-12-03 13:47:30.739 CST,"ssadmin","seasql",15065,"[local]",692fcef2.3ad9,2,"authentication",2025-12-03 13:47:30 CST,85/642,0,LOG,00000,"connection authorized: user=ssadmin database=seasql application_name=pgq ticker",,,,,,,,,"","client backend",,-6125683794421088918

2025-12-03 13:47:30.742 CST,"ssadmin","kong",15064,"[local]",692fcef2.3ad8,3,"idle",2025-12-03 13:47:30 CST,,0,LOG,00000,"disconnection: session time: 0:00:00.007 user=ssadmin database=kong host=[local]",,,,,,,,,"pgq ticker","client backend",,0
2025-12-03 13:47:30.746 CST,"ssadmin","syslog_db",15061,"[local]",692fcef2.3ad5,3,"idle",2025-12-03 13:47:30 CST,,0,LOG,00000,"disconnection: session time: 0:00:00.013 user=ssadmin database=syslog_db host=[local]",,,,,,,,,"pgq ticker","client backend",,0
2025-12-03 13:47:30.747 CST,"ssadmin","seasql",15065,"[local]",692fcef2.3ad9,3,"idle",2025-12-03 13:47:30 CST,,0,LOG,00000,"disconnection: session time: 0:00:00.010 user=ssadmin database=seasql host=[local]",,,,,,,,,"pgq ticker","client backend",,0
2025-12-03 13:47:30.754 CST,"ssadmin","seasql",15076,"[local]",692fcef2.3ae4,2,"authentication",2025-12-03 13:47:30 CST,86/257,0,LOG,00000,"connection authorized: user=ssadmin database=seasql application_name=pgq ticker",,,,,,,,,"","client backend",,995637435984610284
2025-12-03 13:47:30.764 CST,"ssadmin","seasql",15076,"[local]",692fcef2.3ae4,3,"idle",2025-12-03 13:47:30 CST,,0,LOG,00000,"disconnection: session time: 0:00:00.013 user=ssadmin database=seasql host=[local]",,,,,,,,,"pgq ticker","client backend",,0
2025-12-03 13:47:34.807 CST,"kong","syslog_db",15102,"177.177.153.33:56892",692fcef6.3afe,2,"authentication",2025-12-03 13:47:34 CST,43/697,0,LOG,00000,"connection authenticated: identity=""kong"" method=md5 (/var/lib/seasql/ssdata/data/pg_hba.conf:4)",,,,,,,,,"","client backend",,995637435984610284
2025-12-03 13:47:34.807 CST,"kong","syslog_db",15102,"177.177.153.33:56892",692fcef6.3afe,3,"authentication",2025-12-03 13:47:34 CST,43/697,0,LOG,00000,"connection authorized: user=kong database=syslog_db SSL enabled (protocol=TLSv1.3, cipher=TLS_AES_256_GCM_SHA384, bits=256)",,,,,,,,,"","client backend",,995637435984610284
2025-12-03 13:47:39.349 CST,,,15105,,692fcef9.3b01,1,,2025-12-03 13:47:37 CST,52/404,5842491,LOG,00000,"automatic analyze of table ""syslog_db.public.tbl_syslog_data""
avg read rate: 0.000 MB/s, avg write rate: 0.017 MB/s
buffer usage: 30403 hits, 0 misses, 3 dirtied
system usage: CPU: user: 0.75 s, system: 0.20 s, elapsed: 1.33 s",,,,,,,,,"","autovacuum worker",,0
2025-12-03 13:47:39.416 CST,,,15105,,692fcef9.3b01,2,,2025-12-03 13:47:37 CST,52/406,0,LOG,00000,"automatic vacuum of table ""syslog_db.public.tbl_syslog_data_agg"": index scans: 1
pages: 0 removed, 908 remain, 0 skipped due to pins, 87 skipped frozen
tuples: 3611 removed, 1096 remain, 0 are dead but not yet removable, oldest xmin: 5842492
index scan needed: 442 pages from table (48.68% of total) had 22375 dead item identifiers removed
index ""tbl_syslog_data_agg_pkey"": pages: 32 in total, 0 newly deleted, 0 currently deleted, 0 reusable
index ""tbl_syslog_data_agg_timestamp"": pages: 141 in total, 25 newly deleted, 135 currently deleted, 110 reusable
index ""tbl_syslog_data_agg_un"": pages: 43 in total, 0 newly deleted, 4 currently deleted, 4 reusable
avg read rate: 0.000 MB/s, avg write rate: 0.000 MB/s
buffer usage: 2624 hits, 0 misses, 0 dirtied
WAL usage: 1466 records, 0 full page images, 141426 bytes
system usage: CPU: user: 0.01 s, system: 0.00 s, elapsed: 0.05 s",,,,,,,,,"","autovacuum worker",,0
2025-12-03 13:47:39.448 CST,,,15105,,692fcef9.3b01,3,,2025-12-03 13:47:37 CST,52/407,5842493,LOG,00000,"automatic analyze of table ""syslog_db.public.tbl_syslog_data_agg""
avg read rate: 0.000 MB/s, avg write rate: 0.488 MB/s
buffer usage: 1149 hits, 0 misses, 2 dirtied
system usage: CPU: user: 0.01 s, system: 0.00 s, elapsed: 0.03 s",,,,,,,,,"","autovacuum worker",,0
2025-12-03 13:47:58.195 CST,"kong","syslog_db",14405,"177.177.153.33:41934",692fce2f.3845,9,"SELECT waiting",2025-12-03 13:44:15 CST,71/378,5842520,LOG,00000,"process 14405 detected deadlock while waiting for ShareLock on transaction 5842519 after 1000.107 ms","Process holding the lock: 14608. Wait queue: .",,,,"while locking tuple (15,75) in relation ""tbl_syslog_data_agg""","select amount from tbl_syslog_data_agg
        where agg in (
          
            $1
         , 
            $2
         , 
            $3
         , 
            $4
         , 
            $5
         , 
            $6
         , 
            $7
         , 
            $8
       
         
        )
        for update",,,"PostgreSQL JDBC Driver","client backend",,5124377761342049690
2025-12-03 13:47:58.196 CST,"kong","syslog_db",14405,"177.177.153.33:41934",692fce2f.3845,10,"SELECT",2025-12-03 13:44:15 CST,71/378,5842520,ERROR,40P01,"deadlock detected","Process 14405 waits for ShareLock on transaction 5842519; blocked by process 14608.
Process 14608 waits for ShareLock on transaction 5842520; blocked by process 14405.
Process 14405: select amount from tbl_syslog_data_agg
        where agg in (
          
            $1
         , 
            $2
         , 
            $3
         , 
            $4
         , 
            $5
         , 
            $30
         , 
            $31
         , 
            $32
         , 
            $33
         , 
            $34
         , 
Process 14608: insert into tbl_syslog_data_agg(data_id, agg, digest, level, message, module, param_list, severity, pri, send_time, source_ip, sysname, timestamp, amount, tenant_id,region_id) values ($1, $2, $3, $4, $5, $6, $7, $8, $9, $10, $11, $12, $13, $14, $15, $16)  on CONFLICT (agg) DO update set amount = tbl_syslog_data_agg.amount + $17, timestamp = $18","See server log for query details.",,,"while locking tuple (15,75) in relation ""tbl_syslog_data_agg""","select amount from tbl_syslog_data_agg
        where agg in (
          
            $1
         , 
            $2
         , 
            $3
         , 
            $4
         , 
            $5
         , 
            $6
    
         , 
            $998
         , 
            $999
         , 
            $1000
         
        )
        for update",,,"PostgreSQL JDBC Driver","client backend",,5124377761342049690
pages: 0 removed, 2 remain, 0 skipped due to pins, 0 skipped frozen
tuples: 26 removed, 7 remain, 0 are dead but not yet removable, oldest xmin: 5842589
index scan needed: 2 pages from table (100.00% of total) had 64 dead item identifiers removed
index ""tbl_addm_qrtz_triggers_pkey"": pages: 2 in total, 0 newly deleted, 0 currently deleted, 0 reusable
index ""idx_qrtz_t_j"": pages: 2 in total, 0 newly deleted, 0 currently deleted, 0 reusable
index ""idx_qrtz_t_jg"": pages: 2 in total, 0 newly deleted, 0 currently deleted, 0 reusable
index ""idx_qrtz_t_c"": pages: 2 in total, 0 newly deleted, 0 currently deleted, 0 reusable
index ""idx_qrtz_t_g"": pages: 2 in total, 0 newly deleted, 0 currently deleted, 0 reusable
index ""idx_qrtz_t_gs"": pages: 2 in total, 0 newly deleted, 0 currently deleted, 0 reusable
index ""idx_qrtz_t_state"": pages: 2 in total, 0 newly deleted, 0 currently deleted, 0 reusable
index ""idx_qrtz_t_n_state"": pages: 2 in total, 0 newly deleted, 0 currently deleted, 0 reusable
index ""idx_qrtz_t_n_states"": pages: 2 in total, 0 newly deleted, 0 currently deleted, 0 reusable
index ""idx_qrtz_t_n_g_state"": pages: 2 in total, 0 newly deleted, 0 currently deleted, 0 reusable
index ""IDX_QRTZ_T_next_fire_time"": pages: 2 in total, 0 newly deleted, 0 currently deleted, 0 reusable
index ""idx_qrtz_t_nft_st"": pages: 2 in total, 0 newly deleted, 0 currently deleted, 0 reusable
index ""idx_qrtz_t_nft_misfire"": pages: 2 in total, 0 newly deleted, 0 currently deleted, 0 reusable
index ""idx_qrtz_t_nft_st_misfire"": pages: 2 in total, 0 newly deleted, 0 currently deleted, 0 reusable
index ""idx_qrtz_t_nft_st_misfire_grp"": pages: 2 in total, 0 newly deleted, 0 currently deleted, 0 reusable
avg read rate: 0.000 MB/s, avg write rate: 3.151 MB/s
buffer usage: 427 hits, 0 misses, 3 dirtied
WAL usage: 24 records, 3 full page images, 3776 bytes
system usage: CPU: user: 0.00 s, system: 0.00 s, elapsed: 0.00 s",,,,,,,,,"","autovacuum worker",,0
avg read rate: 0.000 MB/s, avg write rate: 0.000 MB/s
buffer usage: 480 hits, 0 misses, 0 dirtied
system usage: CPU: user: 0.00 s, system: 0.00 s, elapsed: 0.00 s",,,,,,,,,"","autovacuum worker",,0
pages: 0 removed, 1 remain, 0 skipped due to pins, 0 skipped frozen
tuples: 53 removed, 7 remain, 0 are dead but not yet removable, oldest xmin: 5842592
index scan not needed: 0 pages from table (0.00% of total) had 0 dead item identifiers removed
avg read rate: 0.000 MB/s, avg write rate: 14.909 MB/s
buffer usage: 40 hits, 0 misses, 1 dirtied
WAL usage: 3 records, 1 full page images, 560 bytes
system usage: CPU: user: 0.00 s, system: 0.00 s, elapsed: 0.00 s",,,,,,,,,"","autovacuum worker",,0


















